rep,tissue,cell_type,kn,kf,omega,n_half_a,n_half_b
0,Liver,hepatocyte,0.0002611905502561486,0.003176218446532775,12.160541196524413,199,200
0,Heart,endothelial cell,0.00022649676900931778,0.0019131764107799265,8.446815462966807,568,569
0,Spleen,B cell,0.0002294194028798551,0.0017835067269247273,7.774001259425882,619,619
0,Marrow,B cell,0.00015338059998961173,0.0010515521264256012,6.855835265325742,924,924
0,Heart,fibroblast,9.670121321448674e-05,0.0003765634922095625,3.8940927387780673,1026,1026
0,Marrow,neutrophil,0.00020415377205314255,0.0013308103876510467,6.518666661248993,299,300
1,Liver,hepatocyte,0.00038707602742079565,0.011261355341155407,29.093393915901263,199,200
1,Heart,endothelial cell,0.0002617859998838008,0.002101178779826795,8.026322189725375,568,569
1,Spleen,B cell,0.0002658382221276166,0.0017269187399827188,6.49612657713948,619,619
1,Marrow,B cell,0.0001574326501554915,0.0011472635607295502,7.287329277608123,924,924
1,Heart,fibroblast,0.00011577080401261145,0.0007110420847857811,6.141808298302256,1026,1026
1,Marrow,neutrophil,0.00023378946769160672,0.0006286222639490533,2.688839108775735,299,300
2,Liver,hepatocyte,0.0002678574372240055,0.0008432330510323377,3.1480665975578397,199,200
2,Heart,endothelial cell,0.0002735938301601119,0.0018403756568554034,6.72667090401265,568,569
2,Spleen,B cell,0.00027223563714209463,0.0018427193568625556,6.768839583998842,619,619
2,Marrow,B cell,0.000181409850034764,0.0011002796025608164,6.065159098858012,924,924
2,Heart,fibroblast,0.00012823866765071892,0.0010910399808767171,8.507886122525546,1026,1026
2,Marrow,neutrophil,0.00023923538222817508,0.0006741113973852434,2.8177746581912264,299,300
3,Liver,hepatocyte,0.00020096537260382518,0.0009285286244465167,4.620341367350781,199,200
3,Heart,endothelial cell,0.00027233270296206857,0.00207070197407464,7.603574420377469,568,569
3,Spleen,B cell,0.0002622368208422028,0.0017254069728927764,6.579575543020387,619,619
3,Marrow,B cell,0.00015588648167102467,0.0008374497117308579,5.372176616944704,924,924
3,Heart,fibroblast,0.00011572815335820672,0.0009089114452165258,7.853849031905178,1026,1026
3,Marrow,neutrophil,0.0002272331781168041,0.0009183928152922427,4.041631697023414,299,300
4,Liver,hepatocyte,0.00026982778328949847,0.003566125150838813,13.216300809960382,199,200
4,Heart,endothelial cell,0.0002863441695081198,0.002440655368425593,8.523502932216623,568,569
4,Spleen,B cell,0.0003326856428460557,0.0016307805400839475,4.901866296762803,619,619
4,Marrow,B cell,0.00018029697698306605,0.0009288567957375469,5.151815694751152,924,924
4,Heart,fibroblast,0.0001232429102684398,0.000766213663250358,6.217101345476511,1026,1026
4,Marrow,neutrophil,0.00021176910917640674,0.0007095467977347035,3.3505679864934446,299,300
5,Liver,hepatocyte,0.00020742023481171374,0.002826169126671123,13.625329897232955,199,200
5,Heart,endothelial cell,0.0002992144290899018,0.0017166154245043912,5.737074344060519,568,569
5,Spleen,B cell,0.00024640173086511337,0.001701182264588313,6.9041003024430205,619,619
5,Marrow,B cell,0.0001786553712872368,0.0010379967314095924,5.810050511947565,924,924
5,Heart,fibroblast,0.0001094668392908009,0.00037537284803022786,3.4291009995551454,1026,1026
5,Marrow,neutrophil,0.0002639276381710017,0.0021642739001071047,8.200254869498917,299,300
6,Liver,hepatocyte,0.00035979512146415004,0.008268680963393192,22.981637243286198,199,200
6,Heart,endothelial cell,0.00026690410416969256,0.002009157568479538,7.52763834310376,568,569
6,Spleen,B cell,0.0002583273184767749,0.0017045014095217383,6.598223600865438,619,619
6,Marrow,B cell,0.0001699808728381039,0.0010715571150412956,6.303986425942679,924,924
6,Heart,fibroblast,0.00011031338736155598,0.0008823210699616117,7.998313632322554,1026,1026
6,Marrow,neutrophil,0.00020292925444586438,0.0013888099777221716,6.843813532526754,299,300
7,Liver,hepatocyte,0.00029419516351263493,0.004050587322064342,13.768368159765412,199,200
7,Heart,endothelial cell,0.00026824644539721675,0.002162710110907032,8.062399886434697,568,569
7,Spleen,B cell,0.0002628087622951603,0.0016814685199203058,6.398068714435974,619,619
7,Marrow,B cell,0.0001581608021621998,0.000918768837448727,5.809080536317054,924,924
7,Heart,fibroblast,0.00010357319352130378,0.0006919627775057832,6.680906072124296,1026,1026
7,Marrow,neutrophil,0.00025606781056126303,0.0010001787234490802,3.9059135205508078,299,300
8,Liver,hepatocyte,0.0004516285331637981,0.0061781092410037805,13.679625593458871,199,200
8,Heart,endothelial cell,0.0002949083953868269,0.0021620381018620074,7.331219238523524,568,569
8,Spleen,B cell,0.00024532275867371567,0.001726764625755794,7.038746160736055,619,619
8,Marrow,B cell,0.0001821054570727,0.0017288523135240786,9.493687566067212,924,924
8,Heart,fibroblast,0.0001089445351463973,0.0007282262338989853,6.684375980129803,1026,1026
8,Marrow,neutrophil,0.0002246450017754022,0.000585182040450227,2.604919031473872,299,300
9,Liver,hepatocyte,0.0002522026944582787,0.0040306589598043665,15.98182354261544,199,200
9,Heart,endothelial cell,0.00028375514339805126,0.0019934418302320254,7.0252183144945795,568,569
9,Spleen,B cell,0.00027801610989755326,0.0015596723489362148,5.610007094592259,619,619
9,Marrow,B cell,0.00017737517646269658,0.0009208590022126242,5.191588927925821,924,924
9,Heart,fibroblast,0.0001066189418517532,0.0006236510917504137,5.849346100410193,1026,1026
9,Marrow,neutrophil,0.00026482442152076104,0.0021683653606074616,8.187935795934408,299,300
10,Liver,hepatocyte,0.0003828674189288567,0.0029732137125097913,7.765648278006818,199,200
10,Heart,endothelial cell,0.00022698642545323437,0.002093892770351977,9.224748864038913,568,569
10,Spleen,B cell,0.0002741569684765124,0.0016214600628000472,5.914349256962116,619,619
10,Marrow,B cell,0.00018061556009705344,0.0011670299107155002,6.461402938309406,924,924
10,Heart,fibroblast,0.00010914387091421658,0.0008900047342644912,8.154417896392964,1026,1026
10,Marrow,neutrophil,0.0002469140892063105,0.0028409788984098136,11.505940821530103,299,300
11,Liver,hepatocyte,0.00024203818857186638,0.0016433748671512653,6.789733788902951,199,200
11,Heart,endothelial cell,0.0002789225163240524,0.0015286176515054732,5.4804383369664,568,569
11,Spleen,B cell,0.0002694241113285696,0.0017389958235452308,6.454492194369645,619,619
11,Marrow,B cell,0.00020572731150536908,0.0024232888858878353,11.779130676213557,924,924
11,Heart,fibroblast,9.525114271145698e-05,0.0008359551328532677,8.776326551646896,1026,1026
11,Marrow,neutrophil,0.000250914952349088,0.0012423451459531365,4.951259916247283,299,300
12,Liver,hepatocyte,0.0003510766380719959,0.004640984598380828,13.219292015178445,199,200
12,Heart,endothelial cell,0.00025085783848944655,0.0019872220152030305,7.921705883974727,568,569
12,Spleen,B cell,0.00022572499361645643,0.0016290779880052688,7.217091744715421,619,619
12,Marrow,B cell,0.0001502061821673062,0.0009938892339054278,6.616833072811814,924,924
12,Heart,fibroblast,0.0001177973363296191,0.0009175714425894818,7.789407393915465,1026,1026
12,Marrow,neutrophil,0.00021341005450725665,0.0005448101806494908,2.552879628410223,299,300
13,Liver,hepatocyte,0.0002809476984430568,0.004863865068998819,17.312350647302562,199,200
13,Heart,endothelial cell,0.00026449580253469046,0.0025305588193443845,9.567481960370559,568,569
13,Spleen,B cell,0.00023719847495844013,0.0016761153547305307,7.066299035119029,619,619
13,Marrow,B cell,0.0001412100710937169,0.0011029024265024998,7.810366625837449,924,924
13,Heart,fibroblast,0.00011076505286127116,0.0010900014612815537,9.840662132367122,1026,1026
13,Marrow,neutrophil,0.0002439545089686429,0.0006328341862358844,2.594066364714033,299,300
14,Liver,hepatocyte,0.00036804962937137046,0.0024651160404715756,6.69778161353402,199,200
14,Heart,endothelial cell,0.000256443056612519,0.002144594774500332,8.362849838203175,568,569
14,Spleen,B cell,0.00025059005069729583,0.0013380524884074208,5.339607397357296,619,619
14,Marrow,B cell,0.00021167112711306449,0.0017198636360811715,8.125168791502222,924,924
14,Heart,fibroblast,0.00012096748432927659,0.0008088419571150381,6.686441084559133,1026,1026
14,Marrow,neutrophil,0.00021779838607756196,0.0007527149671504025,3.45601719418778,299,300
15,Liver,hepatocyte,0.00026691302105872315,0.0020154046544681612,7.550791814029766,199,200
15,Heart,endothelial cell,0.0002701598508298337,0.001940386823161418,7.18236561502847,568,569
15,Spleen,B cell,0.0002488337791938423,0.0017566110906495126,7.059375525061277,619,619
15,Marrow,B cell,0.00018549161476126753,0.001219307438119649,6.573383059330897,924,924
15,Heart,fibroblast,0.0001070580404364014,0.0007340572907932727,6.856629243362106,1026,1026
15,Marrow,neutrophil,0.000258731235316452,0.0021367295229575258,8.2584907861786,299,300
16,Liver,hepatocyte,0.00025340211988775436,0.002319316499137917,9.152711509143131,199,200
16,Heart,endothelial cell,0.000290884735728561,0.0013351690169179616,4.5900277770638125,568,569
16,Spleen,B cell,0.0002415078256843597,0.0013177760065095773,5.456452612976002,619,619
16,Marrow,B cell,0.0001675901200766716,0.0009229396611821264,5.507124529536028,924,924
16,Heart,fibroblast,0.00013373656613285617,0.0005893985821181277,4.407161026795089,1026,1026
16,Marrow,neutrophil,0.00023143606160946992,0.00043689307910669455,1.8877485041372555,299,300
17,Liver,hepatocyte,0.0003826773011131104,0.004424810607821964,11.562772589205897,199,200
17,Heart,endothelial cell,0.0002600401373262925,0.0015676003435391354,6.028301475522396,568,569
17,Spleen,B cell,0.0002919457853599954,0.0014412497548326993,4.936703412434979,619,619
17,Marrow,B cell,0.00018493770598018114,0.0014477318742629414,7.828213649509028,924,924
17,Heart,fibroblast,0.0001267636152440829,0.0007592377576925297,5.9893981110480325,1026,1026
17,Marrow,neutrophil,0.00021608231385945867,0.001672808770725136,7.741534884771466,299,300
18,Liver,hepatocyte,0.00034281697385140324,0.007309429826245875,21.321668364688982,199,200
18,Heart,endothelial cell,0.0003223627264263032,0.0009767889823043083,3.0300928185244658,568,569
18,Spleen,B cell,0.00020845367491066839,0.0015962212966898477,7.657438984339802,619,619
18,Marrow,B cell,0.00015567716069675842,0.001040977039199867,6.686767889013425,924,924
18,Heart,fibroblast,0.00011068710809275688,0.0010246346659770452,9.257037098831702,1026,1026
18,Marrow,neutrophil,0.00021868291611992975,0.0009980097470867096,4.5637298276166325,299,300
19,Liver,hepatocyte,0.00030161034448896384,0.002257221391219857,7.483899118395293,199,200
19,Heart,endothelial cell,0.0002376012469388727,0.0020554181018200834,8.65070418737692,568,569
19,Spleen,B cell,0.0002462353825664978,0.001605996772363182,6.522201462779094,619,619
19,Marrow,B cell,0.00015099455264129291,0.0010783332881928566,7.141537686823556,924,924
19,Heart,fibroblast,0.00010902068853562317,0.0006722211262387898,6.165995970747676,1026,1026
19,Marrow,neutrophil,0.0002107829633153199,0.0012735999063236058,6.042233614575242,299,300
20,Liver,hepatocyte,0.00022677570744259636,0.002004622742420279,8.839671431419559,199,200
20,Heart,endothelial cell,0.00025077519597060895,0.0019636539515527902,7.830335627702717,568,569
20,Spleen,B cell,0.00024851025924597946,0.0015827033558054003,6.368764656266424,619,619
20,Marrow,B cell,0.00015652034642317064,0.0014244640997304822,9.100823837172458,924,924
20,Heart,fibroblast,0.00011086018888801336,0.000973866020868407,8.784632523512732,1026,1026
20,Marrow,neutrophil,0.0002275577781133256,0.0009445291063714467,4.150722133967505,299,300
21,Liver,hepatocyte,0.0002223544264411488,0.0015598062051916809,7.0149545936946724,199,200
21,Heart,endothelial cell,0.0002703292237245503,0.0014764581518347144,5.461703812456248,568,569
21,Spleen,B cell,0.00028089076832770935,0.001611744463195954,5.737975914237116,619,619
21,Marrow,B cell,0.00016824953986410544,0.0012860271035595103,7.643569810640967,924,924
21,Heart,fibroblast,9.325964458784084e-05,0.0009123421176700895,9.782817870496585,1026,1026
21,Marrow,neutrophil,0.00023339083601011952,0.0012400003556886372,5.312977908159481,299,300
22,Liver,hepatocyte,0.00026528449615498273,0.004357558357086627,16.425981993839862,199,200
22,Heart,endothelial cell,0.00022424270841716855,0.002288826127029041,10.20691438836458,568,569
22,Spleen,B cell,0.0002493020921045542,0.0013313889382733416,5.340464362067903,619,619
22,Marrow,B cell,0.00017184542864936525,0.0012871920160172478,7.490405919634001,924,924
22,Heart,fibroblast,0.00010604018343509072,0.0008681602275397789,8.187087191066553,1026,1026
22,Marrow,neutrophil,0.00021689780093930966,0.0010954336138173908,5.050459751428761,299,300
23,Liver,hepatocyte,0.00033960263510539226,0.009380311058550273,27.621431899782486,199,200
23,Heart,endothelial cell,0.0002638866889736372,0.0018646386573247407,7.066058028834572,568,569
23,Spleen,B cell,0.00025112995222945013,0.001492764120249631,5.9441898785762355,619,619
23,Marrow,B cell,0.00019253269133003289,0.001100984198798312,5.718427302878361,924,924
23,Heart,fibroblast,0.00010401477110096682,0.0008737600916391337,8.400346243044437,1026,1026
23,Marrow,neutrophil,0.0002567271936773682,0.0008493395051115552,3.308334785051751,299,300
24,Liver,hepatocyte,0.00018661032425598388,0.0022387459915699567,11.996903175083403,199,200
24,Heart,endothelial cell,0.00022648684099428563,0.0019146578131404514,8.45372651556723,568,569
24,Spleen,B cell,0.00024856719137368013,0.0017207246914854126,6.922573658961228,619,619
24,Marrow,B cell,0.00017517557109310463,0.0012002380269065358,6.851629022340206,924,924
24,Heart,fibroblast,9.996097377026874e-05,0.0004980059971627043,4.982004260054794,1026,1026
24,Marrow,neutrophil,0.00024812045955875813,0.0011125660029179933,4.483975263049693,299,300
25,Liver,hepatocyte,0.00021137607472626317,0.0016187803437424653,7.658295035702705,199,200
25,Heart,endothelial cell,0.0002713574209747712,0.001107294894885985,4.0805771624315845,568,569
25,Spleen,B cell,0.000234766599711809,0.001738053477145323,7.403325171804229,619,619
25,Marrow,B cell,0.00015890121994445588,0.0013174871916305808,8.291233963408903,924,924
25,Heart,fibroblast,0.00010446784930453279,0.0004035621209517253,3.8630269852240082,1026,1026
25,Marrow,neutrophil,0.00021393919769369216,0.0013401950648158525,6.2643736129864305,299,300
26,Liver,hepatocyte,0.0003036248029679911,0.006769892894992257,22.29690337816689,199,200
26,Heart,endothelial cell,0.0002944848087714454,0.0021659450302371685,7.35503145059749,568,569
26,Spleen,B cell,0.0002319382938063306,0.0016527654010757425,7.125884104570538,619,619
26,Marrow,B cell,0.00017391476361668546,0.0010046941328938717,5.776934125663159,924,924
26,Heart,fibroblast,0.00010440951120391085,0.0008068989095398835,7.728212690930207,1026,1026
26,Marrow,neutrophil,0.00028518310825463534,0.0010268855655183587,3.600793791059565,299,300
27,Liver,hepatocyte,0.0002849083913230092,0.0031706688189827564,11.128730902797713,199,200
27,Heart,endothelial cell,0.00024890022214006587,0.002100170004710046,8.437798836226824,568,569
27,Spleen,B cell,0.0002810969142749292,0.001664456604031666,5.9212909125132915,619,619
27,Marrow,B cell,0.00016345035639783257,0.0010937457646337228,6.69160831911301,924,924
27,Heart,fibroblast,0.00012910017985390824,0.0005685901828284485,4.404255543810039,1026,1026
27,Marrow,neutrophil,0.000222684924703089,0.0018048397094323947,8.10490297822733,299,300
28,Liver,hepatocyte,0.00024221327266142316,0.004640633050568076,19.15928470631321,199,200
28,Heart,endothelial cell,0.00023791709317805005,0.0020675896870979496,8.690378902497043,568,569
28,Spleen,B cell,0.00023639233854841856,0.0018932702991163322,8.009017173492479,619,619
28,Marrow,B cell,0.00015917132219545608,0.0011447448036371937,7.191903590720271,924,924
28,Heart,fibroblast,8.640867822320907e-05,0.000647834904749,7.497336124914752,1026,1026
28,Marrow,neutrophil,0.00021760308162838994,0.0018245713626833479,8.38485994329458,299,300
29,Liver,hepatocyte,0.00021947270575906132,0.0025249657585504582,11.504691436767464,199,200
29,Heart,endothelial cell,0.0002818935217290191,0.002077447860382305,7.369619023665719,568,569
29,Spleen,B cell,0.00023409035809795678,0.0017194760040171939,7.345351675260656,619,619
29,Marrow,B cell,0.00017187100714759145,0.001230356365983416,7.158603340974592,924,924
29,Heart,fibroblast,0.0001118196594286962,0.0007280228410815577,6.510687340679968,1026,1026
29,Marrow,neutrophil,0.0002637769355299428,0.0017694558104766611,6.708152124527962,299,300
30,Liver,hepatocyte,0.00023938287763184473,0.0020042958962154,8.372762145912025,199,200
30,Heart,endothelial cell,0.00027424629966967527,0.0021792466134320657,7.946311822828345,568,569
30,Spleen,B cell,0.00031680318545420933,0.0017464113907808994,5.512606788587123,619,619
30,Marrow,B cell,0.00014549478719510107,0.0010257545532935796,7.050112056029164,924,924
30,Heart,fibroblast,0.0001134388564441148,0.0008648610536790645,7.624028316127595,1026,1026
30,Marrow,neutrophil,0.00021932076410484679,0.001294379862568658,5.9017661544799145,299,300
31,Liver,hepatocyte,0.00021412841796903287,0.004953347015719385,23.132599879553286,199,200
31,Heart,endothelial cell,0.00026535226792722636,0.001668547512675327,6.288046926107038,568,569
31,Spleen,B cell,0.0003102838077004067,0.0009901068045631953,3.190971555690038,619,619
31,Marrow,B cell,0.0001632498592963077,0.0014758321915862651,9.040327495214232,924,924
31,Heart,fibroblast,0.00010054506963196071,0.0008643855372838657,8.596995759691628,1026,1026
31,Marrow,neutrophil,0.00020544512048362374,0.001982192660686187,9.648282986814428,299,300
32,Liver,hepatocyte,0.0004108945429525802,0.0044365159012616645,10.797213001131695,199,200
32,Heart,endothelial cell,0.0002752237880848013,0.0016821267010819112,6.1118506971629145,568,569
32,Spleen,B cell,0.0002572282113885607,0.0016865405430133776,6.556592427825668,619,619
32,Marrow,B cell,0.00018036759828312317,0.0016203845258834053,8.983789446150336,924,924
32,Heart,fibroblast,0.00011755488598166633,0.0004957881043645982,4.217503170748007,1026,1026
32,Marrow,neutrophil,0.00021888773284964647,0.0015675651011405924,7.161502751811814,299,300
33,Liver,hepatocyte,0.00029994880805358484,0.00329628871555249,10.989504298892294,199,200
33,Heart,endothelial cell,0.0002688199198636054,0.0020288726558562106,7.547330037467558,568,569
33,Spleen,B cell,0.00027239377028252364,0.001784603570255888,6.551557946442453,619,619
33,Marrow,B cell,0.00016031720067641062,0.0015007506248483995,9.361132919714352,924,924
33,Heart,fibroblast,0.00011556917192650796,0.0011089607078847994,9.595644663699787,1026,1026
33,Marrow,neutrophil,0.00022184203442008682,0.0007232253741556944,3.2600916956349795,299,300
34,Liver,hepatocyte,0.00021952234411864608,0.002453779246550993,11.177810880266426,199,200
34,Heart,endothelial cell,0.00025079419853957805,0.0022086492860820903,8.806620324327564,568,569
34,Spleen,B cell,0.00024054468350642432,0.0015253163416156373,6.341093552270924,619,619
34,Marrow,B cell,0.00016586117673246832,0.001005673051646881,6.063342075939911,924,924
34,Heart,fibroblast,0.00010744145562639255,0.0007205513721730518,6.706455790013062,1026,1026
34,Marrow,neutrophil,0.00021603046358772632,0.002132860379415797,9.872961174059965,299,300
35,Liver,hepatocyte,0.00031139714386425735,0.007268439851219844,23.34138252208333,199,200
35,Heart,endothelial cell,0.000285873124536383,0.0015673902405131755,5.482817746701803,568,569
35,Spleen,B cell,0.00025590637558981996,0.0017444197625123333,6.8166326786182925,619,619
35,Marrow,B cell,0.00016979627212986584,0.001142571575137187,6.729073381913298,924,924
35,Heart,fibroblast,0.00011585692069716685,0.0008109989540169287,7.000004394530406,1026,1026
35,Marrow,neutrophil,0.00022252406108104713,0.0015294160908219667,6.8730369353852785,299,300
36,Liver,hepatocyte,0.00023161055592500735,0.002502608669664048,10.805244431408221,199,200
36,Heart,endothelial cell,0.00025759749793880204,0.0021242234257597766,8.246289046892965,568,569
36,Spleen,B cell,0.0002440302413136659,0.0010291613946565806,4.2173518704746975,619,619
36,Marrow,B cell,0.00018148296017124412,0.00170634472398422,9.402231054497587,924,924
36,Heart,fibroblast,0.0001080789654013184,0.0005075931714948825,4.69650287278463,1026,1026
36,Marrow,neutrophil,0.00023891068046262066,0.0006190235598408991,2.5910250585793713,299,300
37,Liver,hepatocyte,0.00028574992841208,0.0034574641729578277,12.099615185106254,199,200
37,Heart,endothelial cell,0.0002517702446104337,0.0016206534982750151,6.437033497674304,568,569
37,Spleen,B cell,0.00023830476139342658,0.0014445638180951535,6.061833635418921,619,619
37,Marrow,B cell,0.0001756791062527368,0.0014510778619071683,8.259820378523601,924,924
37,Heart,fibroblast,0.00011553629541689658,0.0007738999876603862,6.698327870630404,1026,1026
37,Marrow,neutrophil,0.00029622649386153263,0.0023349958391732416,7.882467934366148,299,300
38,Liver,hepatocyte,0.0002041016153413476,0.0021031625121566582,10.304487343910758,199,200
38,Heart,endothelial cell,0.0002681691891424888,0.0019738137344476577,7.360330024337334,568,569
38,Spleen,B cell,0.000268186060135067,0.0016754111590100197,6.2471970324118615,619,619
38,Marrow,B cell,0.00017038090578825766,0.0012688365326919413,7.447058265254199,924,924
38,Heart,fibroblast,0.00011130842242816539,0.000766757907067184,6.888588395563894,1026,1026
38,Marrow,neutrophil,0.0002803253208259158,0.0026418106271636306,9.424088481840053,299,300
39,Liver,hepatocyte,0.00029964999613267735,0.001770403872829604,5.908239264737766,199,200
39,Heart,endothelial cell,0.00022851691758565116,0.002219466095574024,9.7124804545035,568,569
39,Spleen,B cell,0.00028303802546924585,0.0017736118076561933,6.266337552050613,619,619
39,Marrow,B cell,0.00017023083648885778,0.001185996274171285,6.966988464800927,924,924
39,Heart,fibroblast,0.00011532434156925083,0.0007381234374705462,6.40041319487883,1026,1026
39,Marrow,neutrophil,0.00021425758537932832,0.001702819984660017,7.947536520797112,299,300
40,Liver,hepatocyte,0.00021409606719130988,0.00324727889623852,15.167391623951916,199,200
40,Heart,endothelial cell,0.00024078188324850967,0.0010336205205410446,4.292766991419576,568,569
40,Spleen,B cell,0.00022653404568456217,0.0018332674965831001,8.092679804676413,619,619
40,Marrow,B cell,0.00016339046954587342,0.0014853056093532737,9.09052782259286,924,924
40,Heart,fibroblast,0.00011967853731068739,0.0008454827167330395,7.064614388945555,1026,1026
40,Marrow,neutrophil,0.0002595094712525446,0.000705660860088751,2.7192104268211046,299,300
41,Liver,hepatocyte,0.00025340809435747094,0.0030351127194819943,11.977173527853072,199,200
41,Heart,endothelial cell,0.00024023947089794008,0.0019558926186574663,8.141429097171047,568,569
41,Spleen,B cell,0.00027036778700866455,0.0016951364968744683,6.2697428404077735,619,619
41,Marrow,B cell,0.00014300155956339271,0.0011871412951079698,8.301596840849202,924,924
41,Heart,fibroblast,0.0001057345354636072,0.0008634509485807066,8.166214991107594,1026,1026
41,Marrow,neutrophil,0.00023404638085076031,0.0007302377287523054,3.1200556321267854,299,300
42,Liver,hepatocyte,0.00021970484791445616,0.002843688380095674,12.943220903358887,199,200
42,Heart,endothelial cell,0.00028258794626789547,0.0016347768540601235,5.785019763406125,568,569
42,Spleen,B cell,0.0002517939330173583,0.0018523497035194214,7.356609753546855,619,619
42,Marrow,B cell,0.00019779843105472808,0.001965995676750956,9.939389641604347,924,924
42,Heart,fibroblast,0.00010479092455194346,0.0006319042534274542,6.030142935843912,1026,1026
42,Marrow,neutrophil,0.000324007083936308,0.004420031117624597,13.64177308695346,299,300
43,Liver,hepatocyte,0.00021609494452677725,0.0017553722627455214,8.123152841865792,199,200
43,Heart,endothelial cell,0.00027266148727051327,0.0011789195943293085,4.323748124940275,568,569
43,Spleen,B cell,0.0002548581025188113,0.0016901980161624197,6.631917916118302,619,619
43,Marrow,B cell,0.00015975322243323264,0.0009654291260572034,6.043252908157739,924,924
43,Heart,fibroblast,0.00010187198021149521,0.0010971745300261864,10.770130586922482,1026,1026
43,Marrow,neutrophil,0.0002241449526049858,0.0016800504833259181,7.49537504101954,299,300
44,Liver,hepatocyte,0.00031690367730565416,0.004296736369433486,13.558493249320286,199,200
44,Heart,endothelial cell,0.00023271400918895333,0.0019818397813198283,8.516203163818398,568,569
44,Spleen,B cell,0.0002757475377505198,0.001772223784349556,6.426979543704793,619,619
44,Marrow,B cell,0.0001576284461651012,0.0011032230205219233,6.998882799151617,924,924
44,Heart,fibroblast,0.00011271218821872354,0.0009487762173934671,8.41768962512129,1026,1026
44,Marrow,neutrophil,0.00023641652542680388,0.0018404209522831416,7.784654431244267,299,300
45,Liver,hepatocyte,0.0002349634265696872,0.0011154664749556727,4.747404697151194,199,200
45,Heart,endothelial cell,0.000287802875374198,0.0013792408487533969,4.792310872364022,568,569
45,Spleen,B cell,0.0002688223056075121,0.0014490476801684985,5.3903550782134415,619,619
45,Marrow,B cell,0.00014975416385711618,0.0012289151156913516,8.206216668966128,924,924
45,Heart,fibroblast,0.00010331424771501898,0.0008277595366067768,8.012055983701886,1026,1026
45,Marrow,neutrophil,0.00020296007105611165,0.0016643065386976177,8.20016730402845,299,300
46,Liver,hepatocyte,0.00030140768610128983,0.0014566757186699438,4.832908335922195,199,200
46,Heart,endothelial cell,0.0002514520848007645,0.0019937860496105934,7.929089357880447,568,569
46,Spleen,B cell,0.0002355988790104482,0.0015165610391952161,6.4370469229947425,619,619
46,Marrow,B cell,0.00016087916190070893,0.0010512485240453272,6.534398312530585,924,924
46,Heart,fibroblast,0.00012971577609466892,0.0007516274771535401,5.794418379804387,1026,1026
46,Marrow,neutrophil,0.00028528973220903736,0.0009652366645693487,3.3833557804390275,299,300
47,Liver,hepatocyte,0.00026402682649299405,0.0025409456823962603,9.623816322557225,199,200
47,Heart,endothelial cell,0.00026020569812315857,0.0020516300711344968,7.8846469771136025,568,569
47,Spleen,B cell,0.00027115026969424085,0.0016602632151702876,6.1230372997322196,619,619
47,Marrow,B cell,0.00016272463911957535,0.0014274149697408398,8.77196580348185,924,924
47,Heart,fibroblast,0.00011553605631188667,0.0007622955512102825,6.597901776675541,1026,1026
47,Marrow,neutrophil,0.00022355835414274855,0.0008071994361691329,3.610687863866239,299,300
48,Liver,hepatocyte,0.0002402036426485194,0.00299294907639696,12.460048662860727,199,200
48,Heart,endothelial cell,0.00024802406014095646,0.0021330958054142164,8.60035838539995,568,569
48,Spleen,B cell,0.0002552147080700484,0.0018931713069766116,7.417955341574576,619,619
48,Marrow,B cell,0.0001547433106147958,0.0011414869043590973,7.376647816464344,924,924
48,Heart,fibroblast,0.00010982012862347125,0.0009872462662537723,8.989665907591858,1026,1026
48,Marrow,neutrophil,0.00023671782750911123,0.0008827191525990095,3.728993130291523,299,300
49,Liver,hepatocyte,0.000207356111632757,0.0013743757882356432,6.628093946272315,199,200
49,Heart,endothelial cell,0.0002553135271182033,0.001885817862342441,7.386282597824744,568,569
49,Spleen,B cell,0.0002617403631179206,0.0015766216650343703,6.023609221952759,619,619
49,Marrow,B cell,0.00017857369064587807,0.0013930963756434217,7.801240880472209,924,924
49,Heart,fibroblast,0.00010199777407684897,0.0004556613229525254,4.467365362397153,1026,1026
49,Marrow,neutrophil,0.00021334801296708756,0.001298399149983876,6.0858272450101305,299,300
