cancer,stratification,group,n,omega_mean,omega_std,kf_mean,kf_std,kn_mean,kn_std
LUAD,mutation,WT,311,115.3734,40.5848,0.281364,0.047188,0.00321749,0.00157312
LUAD,mutation,EGFR,61,122.2156,29.1204,0.273216,0.044923,0.00280044,0.00111522
LUAD,mutation,KRAS,120,136.9436,32.8787,0.291893,0.034596,0.00265387,0.00091112
LIHC,Edmondson_grade,G1,39,82.3632,18.9007,0.294642,0.044486,0.00460677,0.00116951
LIHC,Edmondson_grade,G2,133,74.664,21.2149,0.292516,0.055364,0.00515034,0.00285712
LIHC,Edmondson_grade,G3,105,74.9222,20.8197,0.311331,0.053534,0.005332,0.00241824
LIHC,Edmondson_grade,G4,11,75.0361,30.1722,0.319576,0.046451,0.00607304,0.00389566
BRCA,PAM50,Basal-like,97,116.7379,34.9474,0.323802,0.051731,0.00309797,0.0008917
BRCA,PAM50,HER2-enriched,55,121.7813,37.9461,0.305163,0.039844,0.00285797,0.00089738
BRCA,PAM50,Luminal A,224,142.0431,43.2169,0.279091,0.050631,0.00246911,0.0010043
BRCA,PAM50,Luminal B,123,136.4719,32.9743,0.300107,0.040797,0.00252065,0.00073555
BRCA,PAM50,Normal-like,7,101.8638,53.9664,0.243845,0.076406,0.00363071,0.00251143
