pair,omega,kn,kf,same_tissue,same_ct
Live|hepatocyte vs Lung|type II pneumocyte,37.92914729827144,0.011741319942430408,0.44533825357257484,False,False
Lung|type II pneumocyte vs Hear|smooth muscle cell,37.14056787091564,0.00980450882935962,0.3641450256178226,False,False
Lung|type II pneumocyte vs Hear|endothelial cell,36.27477846399834,0.010197302412928867,0.3699048859593903,False,False
Lung|type II pneumocyte vs Hear|fibroblast,35.78998178268432,0.010118484264283535,0.36214036748708567,False,False
Kidn|fenestrated cell vs Lung|type II pneumocyte,35.51115086929245,0.010754961351241973,0.3819210551373631,False,False
Lung|type II pneumocyte vs Hear|leukocyte,33.082580644514834,0.010793664881982416,0.35708228890805094,False,False
Lung|stromal cell vs Lung|type II pneumocyte,32.45664159789572,0.011225328493005542,0.3643364637161277,True,False
Live|Kupffer cell vs Lung|type II pneumocyte,32.273569914596436,0.01147484096856579,0.3703340822578835,False,False
Lung|type II pneumocyte vs Marr|Fraction A pre-p..,30.04660522533659,0.011546329536555502,0.3469280053865268,False,False
Lung|type II pneumocyte vs Lung|macrophage,29.772587347268576,0.011701081387640018,0.348371467671011,True,False
Lung|type II pneumocyte vs Marr|B cell,29.67867922230659,0.01140364484225315,0.3384451172383423,False,False
Marr|granulocyte vs Marr|neutrophil,28.931933574723956,0.004695316011031809,0.13584457094351016,True,False
Lung|type II pneumocyte vs Hear|endocardial cell,28.832505901237646,0.012611069986707947,0.3636087498126778,False,False
Live|liver sinusoid EC vs Lung|type II pneumocyte,26.66950625089492,0.0148901224922592,0.3971122148838978,False,False
Sple|B cell vs Lung|type II pneumocyte,26.14531814683336,0.013203407435319892,0.3452072880187037,False,False
Kidn|kidney tubule cell vs Lung|type II pneumocyte,25.253506322825384,0.014286622310310951,0.3607873068452558,False,False
Lung|type II pneumocyte vs Marr|T cell,25.083544654775753,0.013704215949061266,0.3437503127169683,False,False
Kidn|fibroblast vs Lung|type II pneumocyte,24.935130757727514,0.014096711177269173,0.3515033364591258,False,False
Live|hepatocyte vs Kidn|kidney tubule cell,24.69125056823004,0.008489541898529277,0.20961740622607372,False,False
Kidn|leukocyte vs Lung|type II pneumocyte,23.721189398121037,0.015508256945988216,0.3678743002505126,False,False
Sple|myeloid cell vs Lung|type II pneumocyte,22.792729578500197,0.014966056080395671,0.34111726909712714,False,False
Live|B cell vs Lung|type II pneumocyte,22.67872840715028,0.015298304396749122,0.34694609050378633,False,False
Lung|type II pneumocyte vs Marr|NK cell,22.633039171865544,0.015603805996113471,0.35316155234022667,False,False
Live|NK cell vs Lung|type II pneumocyte,22.261720521213892,0.01585371857394053,0.3529310521150417,False,False
Lung|type II pneumocyte vs Marr|neutrophil,22.197278233697435,0.01969551487561471,0.4371868236499465,False,False
Live|hepatocyte vs Kidn|fibroblast,22.183719005624283,0.008983428201480943,0.19928584692885398,False,False
Lung|type II pneumocyte vs Lung|B cell,21.63132534046997,0.01590313215347146,0.34400582554423,True,False
Lung|type II pneumocyte vs Lung|monocyte,21.42951352369471,0.016458098741075414,0.35268904954617847,True,False
Kidn|endothelial cell vs Lung|type II pneumocyte,20.159369909393185,0.01771626971990732,0.35714883469819325,False,False
Sple|T cell vs Lung|type II pneumocyte,19.516341675419806,0.0178065557779314,0.34751882662452993,False,False
Lung|endothelial cell vs Lung|type II pneumocyte,19.09267240998379,0.019091270237239416,0.3645033685300857,True,False
Lung|type II pneumocyte vs Lung|T cell,18.331627247333532,0.01872740400775981,0.3433037895804729,True,False
Lung|type II pneumocyte vs Lung|dendritic cell,18.032191512992817,0.019128072549261268,0.3449210674826999,True,False
Lung|type II pneumocyte vs Marr|monocyte,17.655354055832714,0.01950894614322051,0.3444373514147302,False,False
Lung|type II pneumocyte vs Lung|NK cell,17.566775712731967,0.022118599805660916,0.3885524818657222,True,False
Lung|type II pneumocyte vs Hear|cardiac muscle,17.2463644141401,0.02476223750464258,0.42705857171455314,False,False
Live|hepatocyte vs Hear|cardiac muscle,16.678530278007692,0.01895708892282093,0.3161763815821531,False,False
Live|hepatocyte vs Marr|neutrophil,16.32099347683463,0.019551335826379992,0.31909722448575106,False,False
Live|Kupffer cell vs Marr|neutrophil,15.292503357764428,0.014509083468952378,0.2218802076670386,False,False
Lung|type II pneumocyte vs Lung|leukocyte,15.175321902315831,0.025325698901241606,0.3843256332274677,True,False
Live|hepatocyte vs Lung|stromal cell,15.120503302294116,0.014585672594950541,0.22054271063813044,False,False
Hear|endothelial cell vs Hear|leukocyte,14.399574549343845,0.007042383546290401,0.1014073268798811,True,False
Live|liver sinusoid EC vs Lung|stromal cell,13.930785442420094,0.010174742389014425,0.1417421531532568,False,False
Live|hepatocyte vs Live|Kupffer cell,13.918785799368596,0.012883044673161825,0.17931633924943605,True,False
Lung|type II pneumocyte vs Marr|granulocyte,13.875730692098287,0.029524728184929818,0.40967717705149004,False,False
Kidn|kidney collectin.. vs Lung|type II pneumocyte,13.844612111916273,0.026536022043384854,0.36738093218392315,False,False
Live|Kupffer cell vs Live|liver sinusoid EC,13.686006283722259,0.010562911344232368,0.14456407103156532,True,False
Live|hepatocyte vs Hear|smooth muscle cell,13.407877161957076,0.016906968139144066,0.22668655199076565,False,False
Live|hepatocyte vs Hear|fibroblast,13.348917754051149,0.016614080158460207,0.22177998959449838,False,False
Kidn|fibroblast vs Marr|neutrophil,13.146678999960232,0.015214260899863507,0.20001700427215163,False,False
Live|hepatocyte vs Kidn|fenestrated cell,12.715151318320135,0.020013623969234357,0.2544762571967737,False,False
Live|Kupffer cell vs Hear|endothelial cell,12.569549034895818,0.009414172015754948,0.11833189677497583,False,False
Live|hepatocyte vs Hear|endothelial cell,12.514098211217558,0.01926833840576688,0.24112587917674191,False,False
Lung|dendritic cell vs Marr|neutrophil,12.474752755292538,0.014803239772800368,0.1846667561429975,False,False
Lung|type II pneumocyte vs Marr|hematopoietic st..,12.334832262460953,0.027716345939261526,0.3418764780891317,False,False
Live|hepatocyte vs Live|liver sinusoid EC,12.30609719205493,0.020690155153700075,0.2546150602401293,True,False
Sple|B cell vs Marr|neutrophil,12.23922934441538,0.016158275626977844,0.19776484120885904,False,False
Kidn|leukocyte vs Marr|neutrophil,12.235518154893061,0.01837801183438387,0.22486449745044337,False,False
Live|hepatocyte vs Sple|B cell,12.034079937548087,0.017230415052411553,0.20735219209785244,False,False
Live|hepatocyte vs Hear|leukocyte,12.00299171334532,0.017583661394852533,0.21105654201268498,False,False
Hear|fibroblast vs Hear|endocardial cell,11.936772071472978,0.006352564371549725,0.07582911297254905,True,False
Live|liver sinusoid EC vs Kidn|leukocyte,11.832623850321008,0.012523803563639161,0.14818945674385198,False,False
Hear|leukocyte vs Marr|neutrophil,11.806648087850984,0.01790967902484881,0.21145327761275606,False,False
Sple|myeloid cell vs Marr|neutrophil,11.805693960549055,0.015691515872230742,0.1852492341646541,False,False
Live|liver sinusoid EC vs Kidn|fenestrated cell,11.738684996320844,0.010968437565642579,0.12875503348489045,False,False
Kidn|fenestrated cell vs Hear|smooth muscle cell,11.706778322368201,0.009771197961039306,0.11438924847386332,False,False
Live|hepatocyte vs Marr|Fraction A pre-p..,11.563736581784502,0.017816166433846474,0.2060214555382316,False,False
Live|hepatocyte vs Kidn|leukocyte,11.543701973864943,0.02009478932907309,0.2319682592424212,False,False
Lung|leukocyte vs Marr|neutrophil,11.516781443362255,0.018786511981150625,0.2163601525700182,False,False
Live|liver sinusoid EC vs Hear|fibroblast,11.512485187409233,0.012003403000788528,0.13818899924508146,False,False
Live|B cell vs Marr|neutrophil,11.469433984033289,0.017416872010336974,0.19976166373091708,False,False
Marr|Fraction A pre-p.. vs Marr|neutrophil,11.291022195725724,0.016930349028436355,0.19116094666145833,True,False
Kidn|kidney tubule cell vs Marr|neutrophil,11.017542008958587,0.019643040919724547,0.21641802851675773,False,False
Live|liver sinusoid EC vs Marr|neutrophil,10.98682463509436,0.02371440905059463,0.26054605356377775,False,False
Kidn|kidney tubule cell vs Hear|cardiac muscle,10.952835137407948,0.016810802864920534,0.18412595230693984,False,False
Hear|endothelial cell vs Hear|smooth muscle cell,10.940426065224479,0.008770554471058147,0.09595360274163564,True,False
Hear|endothelial cell vs Marr|neutrophil,10.764946527294365,0.021479219338641515,0.23122264762850292,False,False
Kidn|fenestrated cell vs Marr|neutrophil,10.64172931969627,0.022849792872182487,0.2431613107568912,False,False
Marr|B cell vs Marr|neutrophil,10.624991817591944,0.017290504228512686,0.1837114659499862,True,False
Live|liver sinusoid EC vs Hear|leukocyte,10.547221348351817,0.012429562023912617,0.13109734192927416,False,False
Hear|smooth muscle cell vs Marr|neutrophil,10.529875896659174,0.020815973908595985,0.21918962192561112,False,False
Live|hepatocyte vs Marr|B cell,10.483373802763797,0.018462487457399847,0.19354915734476075,False,False
Lung|macrophage vs Marr|neutrophil,10.469255334161437,0.01909501206357024,0.19991055690240972,False,False
Live|hepatocyte vs Live|B cell,10.423757313256885,0.018603161463686714,0.19391484035680306,True,False
Live|hepatocyte vs Kidn|kidney collectin..,10.389838145650286,0.0222170719031251,0.23083178114374436,False,False
Live|hepatocyte vs Lung|macrophage,10.38101194268877,0.02000379428788252,0.20765962740159788,False,False
Live|hepatocyte vs Sple|myeloid cell,10.300699927073591,0.01933160635860357,0.19912907620828318,False,False
Marr|T cell vs Marr|neutrophil,10.237642754944455,0.0182143328249681,0.18647183248168164,True,False
Live|hepatocyte vs Marr|T cell,10.200059173721305,0.019568799946924138,0.19960291741734054,False,False
Live|Kupffer cell vs Kidn|fenestrated cell,10.161523446527275,0.0130960259039802,0.13307557427962335,False,False
Hear|fibroblast vs Hear|endothelial cell,9.943691143434823,0.01001859722509486,0.09962183649681644,True,False
Kidn|fenestrated cell vs Lung|stromal cell,9.905444348872155,0.011743708212524809,0.1163266481485574,False,False
Hear|endothelial cell vs Hear|endocardial cell,9.851566167946029,0.008050083036468737,0.07930592569123165,True,False
Live|liver sinusoid EC vs Hear|smooth muscle cell,9.76944259822702,0.014019629638982106,0.13696396700643787,False,False
Live|liver sinusoid EC vs Hear|endothelial cell,9.76017094343034,0.011737254714921184,0.1145576124242145,False,False
Kidn|fenestrated cell vs Hear|leukocyte,9.666189812491913,0.012027778030793744,0.11626278546817254,False,False
Lung|stromal cell vs Marr|neutrophil,9.60279725155774,0.02275720099673899,0.21853278718463226,False,False
Hear|smooth muscle cell vs Hear|leukocyte,9.50735008400826,0.009277236693451825,0.08820193705685372,True,False
Live|hepatocyte vs Marr|granulocyte,9.44326321786944,0.029431594127957178,0.2779302902718002,False,False
Kidn|fenestrated cell vs Hear|fibroblast,9.426390797580478,0.012278914126653252,0.11574584312776515,False,False
Hear|fibroblast vs Hear|leukocyte,9.310243551607071,0.008971925467061007,0.08353081122520399,True,False
Live|hepatocyte vs Marr|NK cell,9.112690722371669,0.023204889827111393,0.2114589842411747,False,False
Hear|cardiac muscle vs Marr|neutrophil,9.047723103743287,0.034046211818622635,0.3080406972662898,False,False
Kidn|fenestrated cell vs Kidn|leukocyte,9.018962133369968,0.014742116464809886,0.1329585901618503,True,False
Live|NK cell vs Marr|neutrophil,8.98958464381826,0.022172120537729646,0.1993181543068619,False,False
Live|NK cell vs Live|hepatocyte,8.946978708101339,0.02222956605496723,0.1988874541841241,True,False
Marr|NK cell vs Marr|neutrophil,8.587072117876103,0.022914655913696732,0.19676980288722995,True,False
Live|hepatocyte vs Hear|endocardial cell,8.50211518134155,0.025836973514021117,0.21966892475347846,False,False
Hear|endocardial cell vs Hear|leukocyte,8.383704529705515,0.010103534257673633,0.08470504592209328,True,False
Lung|macrophage vs Hear|endothelial cell,8.333575705963588,0.010682249257492641,0.08902133289728825,False,False
Live|Kupffer cell vs Hear|smooth muscle cell,8.274180094155192,0.012639384638704091,0.10458054477993631,False,False
Live|hepatocyte vs Lung|B cell,8.269687472598813,0.024773262669048106,0.20486713994962696,False,False
Kidn|leukocyte vs Lung|stromal cell,8.26154070831753,0.012756981902229337,0.10539232530053766,False,False
Hear|fibroblast vs Marr|neutrophil,8.15233886595625,0.026497671081268423,0.21601799381314954,False,False
Live|hepatocyte vs Lung|leukocyte,8.146185296882791,0.02995540913905506,0.2440223134906787,False,False
Live|hepatocyte vs Sple|T cell,8.071888483814822,0.025254271973850648,0.20384966711285246,False,False
Lung|NK cell vs Marr|neutrophil,8.065342458546864,0.030272095152015274,0.24415481433871947,False,False
Lung|monocyte vs Marr|neutrophil,8.050107735351697,0.02269965839054677,0.1827346955995816,False,False
Kidn|leukocyte vs Hear|endothelial cell,8.031632801503818,0.014771484228799588,0.11863913725892311,False,False
Live|hepatocyte vs Lung|monocyte,8.023685061569426,0.025447501892877464,0.2041827407921406,False,False
Live|Kupffer cell vs Lung|macrophage,7.997046544188964,0.00839383468919586,0.0671258866937272,False,False
Live|hepatocyte vs Lung|NK cell,7.95470115869563,0.03250048868875265,0.25853167503059493,False,False
Hear|fibroblast vs Hear|smooth muscle cell,7.851770471840444,0.009019488289706184,0.07081895182422568,True,False
Kidn|fenestrated cell vs Hear|endothelial cell,7.801918418926276,0.007049214725719594,0.05499739820755803,False,False
Sple|T cell vs Marr|neutrophil,7.801371015651096,0.024616462599260196,0.19204215782972772,False,False
Live|Kupffer cell vs Marr|granulocyte,7.799690649860646,0.02207333010825719,0.1721651464566611,False,False
Lung|B cell vs Marr|neutrophil,7.782827510950234,0.02501437629094347,0.1946825759664161,False,False
Live|hepatocyte vs Lung|endothelial cell,7.7380956086988295,0.029847241629864234,0.23096080938782532,False,False
Live|hepatocyte vs Lung|dendritic cell,7.72013828228329,0.026030950080082833,0.20096253423745275,False,False
Live|Kupffer cell vs Hear|cardiac muscle,7.713078095569902,0.027309647309260617,0.21064144245879757,False,False
Live|hepatocyte vs Marr|monocyte,7.613892057285217,0.026120598183824312,0.1988794150433586,False,False
Live|Kupffer cell vs Hear|fibroblast,7.581488905217657,0.013259012289767926,0.10052305456902008,False,False
Live|Kupffer cell vs Lung|stromal cell,7.470745488598535,0.01373500426256788,0.10261072113046063,False,False
Lung|dendritic cell vs Marr|granulocyte,7.428676639556,0.01783960811300349,0.13252468004790272,False,False
Lung|stromal cell vs Hear|fibroblast,7.423666398546543,0.004470649475130753,0.03318861028820791,False,False
Hear|smooth muscle cell vs Hear|endocardial cell,7.4105988740894935,0.010506924718043964,0.07786260448567967,True,False
Lung|stromal cell vs Hear|smooth muscle cell,7.35902353488686,0.009447773481001065,0.06952638739896679,False,False
Live|hepatocyte vs Lung|T cell,7.332055415225103,0.027128855372393547,0.19891027094201671,False,False
Live|Kupffer cell vs Kidn|kidney tubule cell,7.330879961811919,0.013499059550368002,0.09895998516109861,False,False
Kidn|fibroblast vs Hear|cardiac muscle,7.327028837096954,0.02319936914693438,0.16998244674204555,False,False
Live|liver sinusoid EC vs Hear|endocardial cell,7.282933070748844,0.01580867793074217,0.11513354330661955,False,False
Live|liver sinusoid EC vs Marr|Fraction A pre-p..,7.202132960034748,0.01635039535545338,0.11775772129910984,False,False
Kidn|kidney collectin.. vs Marr|neutrophil,7.189967177339393,0.031602263386483684,0.22721923647845216,False,False
Live|NK cell vs Live|liver sinusoid EC,7.1728385145261955,0.01631627446988528,0.11703400193117361,True,False
Lung|stromal cell vs Hear|endothelial cell,7.144614486719557,0.014146687717089004,0.10107263000261171,False,False
Live|Kupffer cell vs Marr|Fraction A pre-p..,7.144519445632547,0.009763646277324001,0.06975656068861916,False,False
Kidn|leukocyte vs Hear|smooth muscle cell,7.131501490190989,0.014842626578969776,0.10585021356627135,False,False
Live|hepatocyte vs Kidn|endothelial cell,7.117103338544795,0.030863989592026624,0.2196622033662245,False,False
Kidn|kidney collectin.. vs Hear|cardiac muscle,7.058894883898962,0.026318924758408153,0.18578252332684903,False,False
Hear|smooth muscle cell vs Hear|cardiac muscle,7.049519136981683,0.026679731215201487,0.18807927577109046,True,False
Lung|NK cell vs Hear|leukocyte,7.036988199427138,0.017373727609777217,0.12225871617006373,False,False
Live|liver sinusoid EC vs Lung|macrophage,7.035446148152325,0.01751943985217789,0.12325707562579127,False,False
Live|NK cell vs Live|Kupffer cell,6.999607245632334,0.011126147876474007,0.07787866529214427,True,False
Live|liver sinusoid EC vs Marr|granulocyte,6.874373419478724,0.032130432234263706,0.2208765893075848,False,False
Kidn|leukocyte vs Marr|granulocyte,6.843751278266744,0.025627923746785245,0.17539113590138417,False,False
Live|Kupffer cell vs Sple|B cell,6.798596222996754,0.010595970320864987,0.07203772380241841,False,False
Kidn|fenestrated cell vs Lung|macrophage,6.760676726794674,0.015426903324592305,0.10429630627308259,False,False
Live|liver sinusoid EC vs Hear|cardiac muscle,6.7225655216617595,0.03587650996438417,0.24118218892412358,False,False
Lung|stromal cell vs Hear|leukocyte,6.713877035130529,0.012936877831927669,0.0868566069820684,False,False
Hear|endothelial cell vs Marr|NK cell,6.701614597863526,0.01303148207745562,0.08733197052207349,False,False
Kidn|leukocyte vs Hear|fibroblast,6.690101115016507,0.015213227190230758,0.10177802818836224,False,False
Hear|leukocyte vs Marr|granulocyte,6.6812247202331685,0.023883992735887427,0.1595743226848805,False,False
Hear|endocardial cell vs Marr|neutrophil,6.656615592307313,0.03275962553812549,0.21806823415523496,False,False
Marr|monocyte vs Marr|neutrophil,6.646586193164635,0.026620842845413176,0.17693772650672876,True,False
Kidn|fenestrated cell vs Hear|cardiac muscle,6.641134811682037,0.03334202195262198,0.22142886268142453,False,False
Live|NK cell vs Hear|endothelial cell,6.613928769339035,0.012981678948266264,0.08585989987026114,False,False
Hear|endothelial cell vs Hear|cardiac muscle,6.607264695060378,0.030153933521794712,0.19923502037575186,True,False
Lung|NK cell vs Hear|endothelial cell,6.593524465514447,0.02142578810017569,0.1412714580314367,False,False
Hear|endothelial cell vs Marr|granulocyte,6.542959450871314,0.02898711684373452,0.18966153010622383,False,False
Hear|fibroblast vs Hear|cardiac muscle,6.514182839368468,0.028989684454029357,0.1888441049891449,True,False
Lung|monocyte vs Lung|NK cell,6.507589736309701,0.01680930328456049,0.10938804952912279,True,False
Lung|endothelial cell vs Marr|neutrophil,6.4999493901878544,0.034061617511884634,0.22139878997518647,False,False
Kidn|fenestrated cell vs Marr|granulocyte,6.473501339815569,0.031293400338380545,0.20257786901789143,False,False
Hear|leukocyte vs Marr|NK cell,6.442365271521965,0.010164956914830301,0.06548636541461979,False,False
Lung|endothelial cell vs Lung|NK cell,6.431041649927676,0.019927360963040368,0.1281536883264555,True,False
Live|liver sinusoid EC vs Sple|B cell,6.367952401636507,0.018838998020253232,0.11996584268749697,False,False
Sple|B cell vs Marr|granulocyte,6.312636318230023,0.024246818650182737,0.15306134801268062,False,False
Kidn|endothelial cell vs Marr|neutrophil,6.307353500918251,0.03313244591253007,0.20897804872038112,False,False
Live|Kupffer cell vs Kidn|leukocyte,6.286686439783216,0.009073199437469539,0.05704035986898845,False,False
Sple|myeloid cell vs Marr|granulocyte,6.282361404831303,0.02178740081933072,0.13687632601895322,False,False
Live|NK cell vs Hear|leukocyte,6.259706103551435,0.010028031496252057,0.06277252996369503,False,False
Live|Kupffer cell vs Marr|NK cell,6.255679068613636,0.013362084364360207,0.0835889114711777,False,False
Sple|B cell vs Hear|endothelial cell,6.228714710291818,0.01318628610381884,0.082133614228973,False,False
Lung|stromal cell vs Hear|cardiac muscle,6.2201334533678105,0.03097780825634985,0.19268610144733528,False,False
Kidn|fibroblast vs Marr|granulocyte,6.1994666230256,0.0250001169741984,0.15498739075327872,False,False
Hear|leukocyte vs Hear|cardiac muscle,6.193631477083062,0.03148614341843046,0.19501356896834257,True,False
Live|B cell vs Marr|granulocyte,6.14715810592393,0.025209367582906466,0.15496596828247944,False,False
Live|liver sinusoid EC vs Marr|NK cell,6.108463299195391,0.020353903638890183,0.1243310733735202,False,False
Live|Kupffer cell vs Marr|T cell,6.101884621757652,0.011176750897241461,0.06819924442109371,False,False
Live|liver sinusoid EC vs Marr|T cell,6.0995147097596005,0.01802823496819711,0.10996348437952068,False,False
Live|liver sinusoid EC vs Kidn|kidney tubule cell,6.098915328790642,0.022461449194132194,0.13699047679694504,False,False
Kidn|kidney tubule cell vs Marr|granulocyte,6.09122672699154,0.02854013053375523,0.17384440589903719,False,False
Hear|cardiac muscle vs Marr|granulocyte,6.048990939546331,0.045074065993265286,0.2726526168017751,False,False
Kidn|fenestrated cell vs Marr|Fraction A pre-p..,6.0371125993885375,0.015685496281648868,0.09469510722960443,False,False
Hear|endothelial cell vs Marr|Fraction A pre-p..,6.036615806457548,0.01320551249377739,0.07971660545230923,False,False
Lung|NK cell vs Lung|macrophage,6.024024870130201,0.01836306624044405,0.11061956772428325,True,False
Lung|T cell vs Marr|neutrophil,5.983653005132582,0.03137878124040737,0.18775973866656143,False,False
Kidn|fenestrated cell vs Hear|endocardial cell,5.964810785007087,0.01234939996738108,0.07366183411380084,False,False
Lung|NK cell vs Marr|monocyte,5.955294025308062,0.016272920815040226,0.09691002810412025,False,False
Live|NK cell vs Kidn|fenestrated cell,5.95470958376629,0.01687536028267443,0.10048786960475044,False,False
Live|liver sinusoid EC vs Sple|myeloid cell,5.951805680188017,0.01790700753458787,0.1065790291595297,False,False
Lung|stromal cell vs Hear|endocardial cell,5.949525082402414,0.01369965494805661,0.08150644073372114,False,False
Kidn|fenestrated cell vs Sple|B cell,5.941732161177644,0.0163664058431509,0.09724479996113541,False,False
Hear|smooth muscle cell vs Marr|granulocyte,5.89270117131818,0.029917439686585518,0.17629453188398347,False,False
Live|Kupffer cell vs Lung|NK cell,5.872634439036892,0.02359921070395778,0.1385895375141505,False,False
Lung|NK cell vs Hear|smooth muscle cell,5.85705580263311,0.021798703574836563,0.12767622326287562,False,False
Live|liver sinusoid EC vs Live|B cell,5.833553751694834,0.02073943957563868,0.12098463554451533,True,False
Lung|macrophage vs Hear|smooth muscle cell,5.828357306637785,0.01290183623546969,0.0751965114920439,False,False
Live|Kupffer cell vs Hear|endocardial cell,5.82596844285603,0.017388379430227568,0.10130414983291272,False,False
Lung|B cell vs Lung|NK cell,5.808959828774986,0.017144329931127897,0.09959072386118657,True,False
Lung|macrophage vs Marr|granulocyte,5.795184898231444,0.026489074329219407,0.15350908352082251,False,False
Sple|B cell vs Hear|cardiac muscle,5.784187802700939,0.030752648434874963,0.17787909397775387,False,False
Live|liver sinusoid EC vs Lung|NK cell,5.75027054178781,0.030722664264916426,0.17666363128778595,False,False
Hear|endothelial cell vs Marr|T cell,5.724200650855068,0.01258906310955071,0.0720623232453457,False,False
Lung|macrophage vs Hear|leukocyte,5.708026183480823,0.005392173759473946,0.030778669004955506,False,False
Live|Kupffer cell vs Hear|leukocyte,5.690042334363551,0.006868313935966073,0.0390809970613461,False,False
Kidn|leukocyte vs Hear|cardiac muscle,5.682778449310168,0.03719513154099701,0.2113716919404347,False,False
Hear|leukocyte vs Marr|Fraction A pre-p..,5.678652545891708,0.009308438084057166,0.05285938562430657,False,False
Lung|leukocyte vs Marr|granulocyte,5.668218116041871,0.019033737696251506,0.10788737682588184,False,False
Lung|macrophage vs Hear|cardiac muscle,5.662331366786436,0.03264952760305523,0.18487244425753918,False,False
Live|Kupffer cell vs Kidn|fibroblast,5.658700316762074,0.013947919259850405,0.07892709513388732,False,False
Kidn|fenestrated cell vs Marr|T cell,5.647219534213341,0.015380309743870415,0.0868559856278368,False,False
Live|liver sinusoid EC vs Kidn|fibroblast,5.644817570948204,0.02133042238074221,0.12040634305056046,False,False
Lung|macrophage vs Marr|NK cell,5.64354644939128,0.009338749219222316,0.05270366499789769,False,False
Kidn|leukocyte vs Marr|Fraction A pre-p..,5.598473948335855,0.01209155070072457,0.06769423159298867,False,False
Lung|NK cell vs Marr|granulocyte,5.568734842904892,0.036470959961780486,0.20309710549335624,False,False
Kidn|fenestrated cell vs Lung|NK cell,5.560098408318641,0.027989608702003024,0.1556249787934686,False,False
Sple|myeloid cell vs Hear|endothelial cell,5.534833390771333,0.013123512355580182,0.07263645438986535,False,False
Live|B cell vs Hear|cardiac muscle,5.501902342502049,0.03276568918692987,0.18027362209126352,False,False
Marr|Fraction A pre-p.. vs Marr|granulocyte,5.48984459258786,0.026662584098245387,0.1463734431361715,True,False
Live|hepatocyte vs Marr|hematopoietic st..,5.4789693659896,0.035662559411929154,0.19539407053074392,False,False
Sple|T cell vs Hear|endothelial cell,5.474607049158291,0.013938440435437734,0.07630748426212039,False,False
Kidn|fenestrated cell vs Sple|myeloid cell,5.469043778733132,0.01608705822591263,0.08798082570854512,False,False
Live|Kupffer cell vs Marr|B cell,5.462795852796017,0.011141280123332296,0.06086253885257836,False,False
Live|Kupffer cell vs Live|B cell,5.460342612238613,0.01276355079320058,0.06969336027958509,True,False
Hear|endocardial cell vs Hear|cardiac muscle,5.443870283122267,0.03499000365638083,0.1904810411113111,True,False
Hear|cardiac muscle vs Marr|T cell,5.443349817113374,0.03100081082867707,0.16874825795464563,False,False
Kidn|fenestrated cell vs Marr|NK cell,5.4318674178462025,0.018766323910164036,0.10193618340036817,False,False
Live|NK cell vs Kidn|leukocyte,5.402183986997965,0.015293387617301434,0.08261769369313877,False,False
Live|NK cell vs Hear|cardiac muscle,5.379698044015455,0.033873836467252144,0.18223101178617573,False,False
Live|B cell vs Hear|endothelial cell,5.376608060879231,0.015826649999975836,0.08509369396658435,False,False
Lung|T cell vs Lung|NK cell,5.353747676619318,0.014727982818815422,0.0788499037975223,True,False
Hear|cardiac muscle vs Marr|NK cell,5.309809231656892,0.03448406506065826,0.1831038070041401,False,False
Lung|stromal cell vs Marr|granulocyte,5.294129689047586,0.03324064449127655,0.17598028288434325,False,False
Kidn|kidney tubule cell vs Kidn|fenestrated cell,5.270146268274938,0.022015451140391395,0.11602464767192293,True,False
Live|NK cell vs Hear|smooth muscle cell,5.243469385426652,0.013534099309516476,0.07096563538877362,False,False
Hear|cardiac muscle vs Marr|Fraction A pre-p..,5.21930810971695,0.03294838018971934,0.17196774792623942,False,False
Marr|granulocyte vs Marr|T cell,5.201805797116327,0.02701168699554865,0.14050955000333668,True,False
Kidn|leukocyte vs Hear|endocardial cell,5.197328184664271,0.01993055170665351,0.10358561812089888,False,False
Live|Kupffer cell vs Sple|myeloid cell,5.1937787327212215,0.00989250361775865,0.051379474903282624,False,False
Live|liver sinusoid EC vs Marr|B cell,5.1899724386286925,0.02008781878674775,0.10425522585538849,False,False
Lung|NK cell vs Hear|endocardial cell,5.188700259221522,0.02458285204427018,0.127553050774509,False,False
Hear|smooth muscle cell vs Marr|NK cell,5.171868924850514,0.0139169686216003,0.07197673754217429,False,False
Live|liver sinusoid EC vs Lung|leukocyte,5.164220271259771,0.03395603293621031,0.17535643362074171,False,False
Hear|cardiac muscle vs Marr|B cell,5.144009397124012,0.031699587082103686,0.1630629738352923,False,False
Live|B cell vs Kidn|fenestrated cell,5.126590525734342,0.019519253370925443,0.1000672194007945,False,False
Lung|monocyte vs Hear|endothelial cell,5.12309033324922,0.01791032204243956,0.09175619772100253,False,False
Lung|macrophage vs Hear|endocardial cell,5.116131345040531,0.014480938298201915,0.0740863823330287,False,False
Live|liver sinusoid EC vs Lung|dendritic cell,5.104207011720286,0.022019640271633764,0.11239280227003143,False,False
Hear|endothelial cell vs Marr|B cell,5.103144057653576,0.012849832862507833,0.06557454821414849,False,False
Lung|NK cell vs Hear|cardiac muscle,5.089837728360155,0.04526938667101405,0.2304138322178516,False,False
Lung|B cell vs Marr|NK cell,5.030703205123719,0.00825294022498091,0.04151809284150593,False,False
Marr|B cell vs Marr|granulocyte,5.017546737267343,0.02749008292896665,0.1379327759074453,True,False
Lung|macrophage vs Hear|fibroblast,5.011867884635149,0.014278213595333909,0.07156052016841498,False,False
Sple|B cell vs Marr|T cell,4.982363464036815,0.0055875358195792745,0.027839134321468777,False,False
Kidn|fenestrated cell vs Marr|B cell,4.966377365043564,0.016314129864388197,0.08102212528887877,False,False
Live|B cell vs Lung|NK cell,4.954317335450056,0.02124680772092139,0.10526342781473494,False,False
Sple|myeloid cell vs Hear|cardiac muscle,4.938138575348636,0.034387057449950686,0.1698080548863312,False,False
Live|liver sinusoid EC vs Lung|monocyte,4.928970911576014,0.02555689507303569,0.12596919240519328,False,False
Lung|leukocyte vs Lung|NK cell,4.926344710104916,0.03199656770063772,0.15762612203355042,True,False
Sple|B cell vs Hear|smooth muscle cell,4.918721123499224,0.013652392647841884,0.06715231210324538,False,False
Sple|T cell vs Hear|leukocyte,4.900108650624917,0.01134087862886752,0.05557153747500097,False,False
Lung|dendritic cell vs Hear|endothelial cell,4.869287297036901,0.014651523813652298,0.07134247878805078,False,False
Kidn|fenestrated cell vs Lung|leukocyte,4.840989222606363,0.03197176800788361,0.15477498435383547,False,False
Lung|monocyte vs Hear|cardiac muscle,4.830466458995962,0.03873585185172027,0.1871122331303714,False,False
Lung|leukocyte vs Hear|cardiac muscle,4.830101970938297,0.04767351780242986,0.23026795229907843,False,False
Live|liver sinusoid EC vs Sple|T cell,4.82286644743989,0.02384222684655389,0.11498787589049533,False,False
Hear|smooth muscle cell vs Marr|T cell,4.822478761764563,0.011681244766453207,0.05633255479719404,False,False
Kidn|leukocyte vs Lung|NK cell,4.795267446748361,0.029001392597778623,0.13906943383449671,False,False
Kidn|fenestrated cell vs Lung|dendritic cell,4.782595533520593,0.018661320178964897,0.08924954653751523,False,False
Live|NK cell vs Marr|granulocyte,4.781328566035609,0.032137189526642025,0.1536584623158339,False,False
Kidn|kidney tubule cell vs Hear|endothelial cell,4.780797026646639,0.02115981774059615,0.10116079373862688,False,False
Sple|T cell vs Lung|NK cell,4.776028047247852,0.015910041967140798,0.07598680666795483,False,False
Lung|B cell vs Hear|endothelial cell,4.77517793911881,0.01648605871896593,0.0787238638978234,False,False
Kidn|leukocyte vs Marr|T cell,4.764521686240732,0.014477197908155517,0.06897692338940592,False,False
Lung|monocyte vs Marr|granulocyte,4.763268774313661,0.02798783666641371,0.13331358845371938,False,False
Kidn|fenestrated cell vs Kidn|fibroblast,4.753609327034359,0.020678600884115675,0.0982979900327532,True,False
Marr|granulocyte vs Marr|NK cell,4.7460420303665485,0.032050406871869594,0.15211257810424195,True,False
Hear|smooth muscle cell vs Marr|Fraction A pre-p..,4.744201173755219,0.013579230857268575,0.06442260297174666,False,False
Lung|endothelial cell vs Hear|cardiac muscle,4.733387086322296,0.04148732287606409,0.19637555834764536,False,False
Kidn|fenestrated cell vs Lung|monocyte,4.726265097476088,0.022506418106186643,0.10637129836447382,False,False
Hear|fibroblast vs Marr|Fraction A pre-p..,4.706939134608818,0.013252406962248778,0.06237827295837113,False,False
Lung|B cell vs Hear|cardiac muscle,4.699833825744238,0.03725399046795054,0.17508756454522736,False,False
Live|Kupffer cell vs Lung|leukocyte,4.684568894856629,0.026052239929955007,0.12204351281720907,False,False
Kidn|leukocyte vs Marr|NK cell,4.684492760889838,0.01809770727472538,0.0847785787171544,False,False
Lung|monocyte vs Hear|smooth muscle cell,4.678994967225647,0.016433274877854693,0.07689121044851777,False,False
Live|Kupffer cell vs Sple|T cell,4.678431305572708,0.015720239683443854,0.07354606146613013,False,False
Hear|leukocyte vs Marr|T cell,4.673645216129894,0.010596119774840852,0.04952250449522432,False,False
Hear|fibroblast vs Marr|granulocyte,4.670457682628712,0.037021799320970675,0.1729087470633659,False,False
Live|Kupffer cell vs Lung|dendritic cell,4.638525159744301,0.011942149285491347,0.05539395992217404,False,False
Sple|T cell vs Hear|cardiac muscle,4.629170356191763,0.037445308198965487,0.1733407106931154,False,False
Live|NK cell vs Hear|fibroblast,4.60917568090058,0.014952552441557403,0.06891894108101697,False,False
Lung|NK cell vs Marr|B cell,4.586714406361471,0.018992963604394557,0.08711529978377561,False,False
Kidn|kidney tubule cell vs Kidn|leukocyte,4.573258225034977,0.02214055811054911,0.10125448948593359,True,False
Kidn|kidney collectin.. vs Marr|granulocyte,4.5637977826939995,0.040595356450691705,0.18526899775733935,False,False
Lung|stromal cell vs Marr|Fraction A pre-p..,4.5444999373625805,0.014342759743893738,0.06518067075773164,False,False
Lung|dendritic cell vs Lung|NK cell,4.5409008131100075,0.021205974007536536,0.09629422461361234,True,False
Live|liver sinusoid EC vs Lung|B cell,4.540361208628388,0.025544187857407613,0.11597983965368983,False,False
Lung|B cell vs Marr|granulocyte,4.504450159427484,0.0332520959578424,0.14978240893860117,False,False
Lung|NK cell vs Hear|fibroblast,4.502205391494692,0.028080347482564143,0.12642349183104468,False,False
Hear|endocardial cell vs Marr|NK cell,4.49858508960745,0.01579403053573233,0.07105079027285022,False,False
Kidn|fenestrated cell vs Sple|T cell,4.496460638580936,0.020375398132246182,0.09161717569706047,False,False
Live|liver sinusoid EC vs Kidn|endothelial cell,4.494264615907885,0.024439110910546832,0.10983583140951896,False,False
Live|B cell vs Marr|NK cell,4.478930483488265,0.010775316934905183,0.04826189548899416,False,False
Sple|T cell vs Marr|granulocyte,4.4742626102357335,0.03284675615987896,0.1469650129536767,False,False
Kidn|kidney tubule cell vs Hear|smooth muscle cell,4.465598718259715,0.019244550158421803,0.08593843852093319,False,False
Sple|B cell vs Marr|Fraction A pre-p..,4.451847004237283,0.007261704411195235,0.032327997028636174,False,False
Live|NK cell vs Lung|macrophage,4.416314787270357,0.011539675778540757,0.05096284078107512,False,False
Kidn|fenestrated cell vs Lung|B cell,4.393383585979579,0.021403825010339557,0.09403521347760499,False,False
Sple|B cell vs Lung|NK cell,4.384947431502444,0.023381317193766113,0.10252584677394865,False,False
Lung|leukocyte vs Hear|endothelial cell,4.384543321106145,0.03204064402135208,0.1404835917477588,False,False
Live|liver sinusoid EC vs Lung|endothelial cell,4.363084252948829,0.0247914352616216,0.10816712079798152,False,False
Sple|B cell vs Marr|NK cell,4.3572630776236085,0.010476617369271128,0.04564937804151527,False,False
Hear|cardiac muscle vs Marr|monocyte,4.327290822157677,0.040505847953855395,0.17528058409443276,False,False
Kidn|leukocyte vs Lung|leukocyte,4.3234922570448155,0.027223524799094914,0.11770069867835438,False,True
Live|Kupffer cell vs Lung|endothelial cell,4.319973669847409,0.02347784941918158,0.10142369131550671,False,False
Kidn|leukocyte vs Kidn|fibroblast,4.296289928828155,0.019070824123621044,0.08193378961676612,True,False
Live|B cell vs Hear|smooth muscle cell,4.2829074482670855,0.016226227780214764,0.06949543181716011,False,False
Hear|fibroblast vs Marr|NK cell,4.27559040961535,0.016337298607672898,0.06985159724598845,False,False
Live|Kupffer cell vs Lung|B cell,4.2637903127511905,0.016249207723294842,0.06928321448046637,False,False
Live|Kupffer cell vs Kidn|kidney collectin..,4.262051469890828,0.026496988707089268,0.11293152966673048,False,False
Lung|leukocyte vs Hear|smooth muscle cell,4.250317109457999,0.029480083618093796,0.12529970379023653,False,False
Live|NK cell vs Hear|endocardial cell,4.246790375950151,0.016399851652688625,0.06964673216564823,False,False
Kidn|endothelial cell vs Hear|cardiac muscle,4.238154363048641,0.04400120329622935,0.18648389172930466,False,False
Lung|stromal cell vs Lung|macrophage,4.22432407153042,0.017746189007799555,0.0749656534035762,True,False
Lung|dendritic cell vs Hear|cardiac muscle,4.2071136154331885,0.04056167896414578,0.17064759183488767,False,False
Kidn|fibroblast vs Lung|leukocyte,4.197044024413826,0.02427940371763592,0.10190172628943467,False,False
Lung|monocyte vs Hear|leukocyte,4.1944356237065765,0.0087101188958843,0.036534032983616904,False,False
Marr|hematopoietic st.. vs Marr|neutrophil,4.192228968263133,0.0444505631363188,0.186346938435685,True,False
Hear|smooth muscle cell vs Marr|B cell,4.184914410001261,0.01195074971020464,0.0500128646725538,False,False
Lung|endothelial cell vs Marr|granulocyte,4.173300866840389,0.04283424569830782,0.17876019470320223,False,False
Kidn|endothelial cell vs Lung|NK cell,4.152862506735469,0.02768694453140294,0.1149800738705279,False,False
Lung|endothelial cell vs Hear|smooth muscle cell,4.152052003860346,0.02159483813133637,0.08966289093625499,False,False
Lung|macrophage vs Marr|Fraction A pre-p..,4.141210002395553,0.00927860602019316,0.03842465605911151,False,False
Hear|cardiac muscle vs Marr|hematopoietic st..,4.137343021962114,0.04042749770415352,0.16726242552166898,False,False
Lung|T cell vs Hear|cardiac muscle,4.134239215116882,0.0406225355121059,0.16794327933162637,False,False
Lung|NK cell vs Marr|Fraction A pre-p..,4.126789728303965,0.023150256863702007,0.0955362422327238,False,False
Live|Kupffer cell vs Kidn|endothelial cell,4.12528207149504,0.022318012071498028,0.09206809506996068,False,False
Hear|endocardial cell vs Marr|granulocyte,4.1006641526832,0.042608220724244014,0.17472200333352086,False,False
Hear|leukocyte vs Marr|B cell,4.059918280075028,0.01034386086075324,0.04199522979512469,False,False
Lung|leukocyte vs Hear|leukocyte,4.058081916415232,0.024783627119417402,0.1005739890364859,False,True
Sple|B cell vs Lung|leukocyte,4.056674507736755,0.025126017225111923,0.10192807355806613,False,False
Kidn|kidney tubule cell vs Hear|leukocyte,4.055168397869139,0.02069186803533542,0.08390900934977077,False,False
Live|B cell vs Lung|leukocyte,4.039511039288335,0.02580998165482124,0.10425970581847982,False,False
Live|liver sinusoid EC vs Marr|monocyte,4.029293000963601,0.02868550575558177,0.11558230757006673,False,False
Sple|B cell vs Lung|stromal cell,4.023256602145522,0.017045201038980502,0.06857721761497601,False,False
Kidn|leukocyte vs Marr|B cell,4.009382986238052,0.014749025574749546,0.059134492202990725,False,False
Sple|T cell vs Lung|macrophage,3.979340622235001,0.01066735402518014,0.04244903520416138,False,False
Live|NK cell vs Lung|stromal cell,3.9599849620236096,0.018268420604747346,0.07234267087472175,False,False
Kidn|endothelial cell vs Marr|granulocyte,3.9330652609999617,0.04192754381564337,0.16490376606036072,False,False
Lung|monocyte vs Hear|endocardial cell,3.9192078501200065,0.018999191200729612,0.07446177929983044,False,False
Live|NK cell vs Sple|B cell,3.9191585931153585,0.0113834690236679,0.04461362044357055,False,False
Sple|B cell vs Hear|fibroblast,3.914171941055291,0.016673575124615127,0.065263239909846,False,False
Lung|endothelial cell vs Hear|leukocyte,3.9082619136620287,0.021558320140638118,0.08425556152818899,False,False
Lung|stromal cell vs Lung|NK cell,3.907867581102365,0.03304170397236487,0.1291226037779859,True,False
Lung|B cell vs Hear|leukocyte,3.9075812309230193,0.010783351205355916,0.0421368207764999,False,False
Kidn|kidney tubule cell vs Lung|stromal cell,3.904806163283575,0.020040359694157607,0.07825372004816636,False,False
Lung|leukocyte vs Marr|Fraction A pre-p..,3.901352311231773,0.025422330271498837,0.09918146696160945,False,False
Kidn|leukocyte vs Sple|T cell,3.899114787268884,0.019302966591883776,0.07526448247657128,False,False
Kidn|fibroblast vs Hear|endothelial cell,3.892552861497823,0.021130215167397607,0.08225047951391826,False,False
Lung|stromal cell vs Lung|leukocyte,3.8894246375315826,0.032471433391908985,0.12629519305045653,True,False
Lung|leukocyte vs Lung|macrophage,3.8886065893069923,0.02674639558945338,0.1040062101293599,True,False
Lung|macrophage vs Marr|T cell,3.8539952361026315,0.009332834055456558,0.035968697989065976,False,False
Kidn|endothelial cell vs Hear|smooth muscle cell,3.8494273313186484,0.019121038961627538,0.0736050499820978,False,False
Lung|B cell vs Hear|smooth muscle cell,3.846118302142141,0.016533676486259506,0.06359047573549985,False,False
Sple|T cell vs Hear|endocardial cell,3.8399126956691454,0.015918286371414247,0.061124829930890696,False,False
Hear|endothelial cell vs Marr|monocyte,3.829143494342382,0.020518477556745733,0.0785681948502231,False,False
Kidn|endothelial cell vs Hear|endothelial cell,3.8139897344702867,0.01436445537061114,0.05478588532476747,False,True
Live|Kupffer cell vs Lung|monocyte,3.8124892080153834,0.015589243425224303,0.059433822319792426,False,False
Hear|endocardial cell vs Marr|Fraction A pre-p..,3.8023147530805956,0.016909031294470238,0.06429345915126566,False,False
Sple|myeloid cell vs Lung|NK cell,3.8012101552521558,0.02441619275034306,0.0928110798351981,False,False
Lung|endothelial cell vs Hear|fibroblast,3.776115327154793,0.0235570529602791,0.0889541487459071,False,False
Kidn|kidney collectin.. vs Kidn|kidney tubule cell,3.7749727443422265,0.013121461253075494,0.049533158596302584,True,False
Kidn|kidney tubule cell vs Lung|leukocyte,3.7407134525530616,0.0330366942890295,0.12358080675485555,False,False
Live|liver sinusoid EC vs Kidn|kidney collectin..,3.7402688264537147,0.04052327665158238,0.15156794840567325,False,False
Lung|B cell vs Lung|monocyte,3.722125382462245,0.012045649409105918,0.04483541741387448,True,False
Sple|myeloid cell vs Hear|smooth muscle cell,3.722056656967932,0.01565584099797108,0.05827192720692973,False,False
Marr|granulocyte vs Marr|monocyte,3.717611847350068,0.034597757183196964,0.12862103199599395,True,False
Lung|leukocyte vs Marr|B cell,3.7041927917511486,0.023173439000875793,0.08583888570712905,False,False
Sple|T cell vs Hear|smooth muscle cell,3.680822104020014,0.016569659705788622,0.06098996970115653,False,False
Lung|endothelial cell vs Hear|endothelial cell,3.679579648859712,0.015752115537098373,0.05796116375679405,False,True
Live|B cell vs Marr|T cell,3.670706358335109,0.008319613928261839,0.030538859745364067,False,False
Sple|B cell vs Hear|leukocyte,3.652007855271837,0.01132829749024257,0.0413710314212221,False,False
Sple|B cell vs Marr|B cell,3.6435719228301413,0.004038247063923984,0.014713643619564684,False,True
Lung|monocyte vs Lung|macrophage,3.6210380239914146,0.010775460811323174,0.03901835332383059,True,False
Kidn|fenestrated cell vs Marr|monocyte,3.602157020103,0.025904105082060088,0.09331065397082855,False,False
Lung|endothelial cell vs Hear|endocardial cell,3.6020825039763293,0.019274927478786393,0.06942987903674905,False,False
Kidn|endothelial cell vs Lung|endothelial cell,3.6014320146426497,0.013454406421213937,0.04845513002337351,False,True
Lung|T cell vs Marr|granulocyte,3.5911109133186456,0.039512607405102554,0.14189415566613892,False,False
Hear|fibroblast vs Marr|T cell,3.570162943643731,0.015271943179876454,0.05452332561822752,False,False
Kidn|endothelial cell vs Kidn|leukocyte,3.563612370626702,0.025612145422191555,0.09127175826481189,True,False
Live|NK cell vs Live|B cell,3.5584184515930137,0.012959452808389357,0.046115155995921586,True,False
Live|B cell vs Hear|fibroblast,3.5580739598676105,0.01898260711441817,0.06754152006420894,False,False
Lung|monocyte vs Hear|fibroblast,3.558044237346078,0.020104623772481144,0.0715331407576875,False,False
Lung|NK cell vs Marr|T cell,3.557395953369319,0.020158474258566032,0.07171167475352239,False,False
Live|B cell vs Lung|stromal cell,3.550638706759263,0.01995925855771071,0.07086811599322371,False,False
Lung|dendritic cell vs Hear|smooth muscle cell,3.544863385936103,0.016993347196958865,0.06023909428299939,False,False
Kidn|fenestrated cell vs Lung|endothelial cell,3.5404106981713963,0.02057287657300604,0.07283643231123027,False,False
Lung|B cell vs Lung|leukocyte,3.5176993742949496,0.028110143626527296,0.09888303464637624,True,False
Lung|endothelial cell vs Lung|macrophage,3.5024495443462382,0.021295896630650738,0.07458780345046727,True,False
Kidn|kidney tubule cell vs Hear|fibroblast,3.5023297798276243,0.0220032669865627,0.07706269722053657,False,False
Lung|endothelial cell vs Marr|monocyte,3.498786687471201,0.018498266621335864,0.06472148899602279,False,False
Live|B cell vs Marr|Fraction A pre-p..,3.4931462800459894,0.010145422475644006,0.03543944478029083,False,False
Lung|monocyte vs Marr|NK cell,3.4908017219940324,0.014712384484608897,0.051358017093511024,False,False
Lung|leukocyte vs Hear|fibroblast,3.4868039566696516,0.03526602393148646,0.1229657117803136,False,False
Lung|stromal cell vs Marr|T cell,3.476425231215616,0.01660480489961498,0.0577253627124342,False,False
Kidn|fibroblast vs Lung|stromal cell,3.47586210576151,0.016973736030653046,0.05899836586214571,False,False
Kidn|leukocyte vs Lung|endothelial cell,3.4692576503667603,0.029702473758181816,0.10304553432039021,False,False
Kidn|endothelial cell vs Hear|leukocyte,3.4688012497586436,0.021314610294774074,0.07393614682863076,False,False
Kidn|kidney collectin.. vs Kidn|fenestrated cell,3.4551178300590606,0.03735416332390798,0.12906303572737268,True,False
Live|liver sinusoid EC vs Lung|T cell,3.434387766399823,0.03123802304704036,0.10728348419927114,False,False
Sple|myeloid cell vs Lung|leukocyte,3.4300463708666435,0.02546076765820761,0.08733161370551382,False,False
Sple|T cell vs Hear|fibroblast,3.4189924094397006,0.017440379129790663,0.05962852386250485,False,False
Lung|stromal cell vs Marr|NK cell,3.416955193950941,0.021350903275219983,0.07295507984180707,False,False
Kidn|kidney tubule cell vs Lung|NK cell,3.40735180963654,0.03622716766416795,0.12343870529850899,False,False
Lung|dendritic cell vs Hear|leukocyte,3.4044380573932163,0.011068493809952768,0.037682001564624444,False,False
Kidn|fibroblast vs Hear|smooth muscle cell,3.401074420420441,0.01966053022867439,0.06686692645264732,False,False
Live|NK cell vs Marr|Fraction A pre-p..,3.385605924831785,0.011722310012464422,0.0396871222309145,False,False
Kidn|leukocyte vs Lung|dendritic cell,3.3563947865733468,0.015983147713795665,0.05364575365961548,False,False
Live|B cell vs Sple|T cell,3.3483109263706785,0.010540869737670568,0.03529410931609239,False,False
Lung|NK cell vs Marr|NK cell,3.3406194838764725,0.014259604076591229,0.047635911210625034,False,True
Sple|T cell vs Marr|NK cell,3.337140512089933,0.0038578238216801803,0.012874100163834539,False,False
Lung|B cell vs Hear|endocardial cell,3.331404211548521,0.019076603389003993,0.06355187687216869,False,False
Lung|leukocyte vs Lung|dendritic cell,3.2862556572971533,0.02371137214969305,0.07792163086920695,True,False
Kidn|kidney collectin.. vs Lung|NK cell,3.2748684540638853,0.041684219494390745,0.1365103354544551,False,False
Kidn|kidney collectin.. vs Hear|endothelial cell,3.264500308255085,0.03556885966695936,0.11611455334707067,False,False
Hear|endocardial cell vs Marr|T cell,3.255085219785306,0.017208556740006507,0.056015318698231994,False,False
Lung|leukocyte vs Lung|monocyte,3.2439860168331047,0.024670192000655036,0.08002975788271285,True,False
Live|NK cell vs Lung|B cell,3.2438758567752557,0.012610072652918226,0.040905510230983336,False,False
Sple|B cell vs Hear|endocardial cell,3.2376684076738758,0.020720551579944974,0.06708627523996485,False,False
Live|B cell vs Hear|leukocyte,3.2370629345697735,0.012766647771763156,0.0413264423006823,False,False
Lung|endothelial cell vs Lung|T cell,3.2248337433011383,0.01622652550232021,0.05232784697641866,True,False
Lung|B cell vs Hear|fibroblast,3.221907054306826,0.019100725157883143,0.06154076112855956,False,False
Kidn|leukocyte vs Sple|B cell,3.212706993068663,0.013668607510020112,0.04391323093295246,False,False
Kidn|fenestrated cell vs Lung|T cell,3.194977515134927,0.02600630806772155,0.0830895695280424,False,False
Live|Kupffer cell vs Marr|monocyte,3.183050805648397,0.017229084728892227,0.0548410520268849,False,False
Lung|endothelial cell vs Marr|NK cell,3.174215060841321,0.02334168904377269,0.07409154090821812,False,False
Lung|endothelial cell vs Lung|stromal cell,3.1713606050236938,0.02767685863914248,0.08777329915898614,True,False
Lung|leukocyte vs Hear|endocardial cell,3.163231414031882,0.03981410423458881,0.1259412252363911,False,False
Kidn|endothelial cell vs Lung|leukocyte,3.153626943677978,0.035835471184339794,0.11301170746632976,False,False
Kidn|leukocyte vs Sple|myeloid cell,3.1514197515354443,0.012471400930113983,0.039302619220478716,False,False
Kidn|endothelial cell vs Hear|fibroblast,3.1458193044763325,0.02296677438701894,0.07224932222823677,False,False
Lung|dendritic cell vs Lung|macrophage,3.1408252788017976,0.010228994323939032,0.032127483949347814,True,False
Lung|T cell vs Hear|endothelial cell,3.1406312452745273,0.021480846094732255,0.06746341642004942,False,False
Kidn|kidney collectin.. vs Lung|leukocyte,3.1401835204518225,0.043480398260066354,0.13653643007894245,False,False
Lung|macrophage vs Marr|B cell,3.1384006990016333,0.008823759904864996,0.02769249425325089,False,False
Sple|T cell vs Lung|B cell,3.1245493301555824,0.008916708913376405,0.02786069686248256,False,False
Lung|leukocyte vs Marr|T cell,3.109706475708652,0.029083854157593476,0.09044224961243444,False,False
Sple|T cell vs Sple|B cell,3.095705041217011,0.010679380387617732,0.033060211703022285,True,False
Kidn|kidney collectin.. vs Hear|smooth muscle cell,3.093182504783145,0.03221089260095309,0.09963416945671696,False,False
Live|B cell vs Hear|endocardial cell,3.091755606207554,0.022353929429577746,0.06911288663466503,False,False
Lung|leukocyte vs Marr|NK cell,3.0892212513994375,0.03415530609372987,0.10551329743280301,False,False
Marr|B cell vs Marr|NK cell,3.0884624221062205,0.009163911621417851,0.02830239668225152,True,False
Sple|myeloid cell vs Lung|stromal cell,3.0824231235992547,0.018814472109796226,0.057994163889549144,False,False
Live|NK cell vs Lung|leukocyte,3.0771913507464137,0.034128956383737856,0.10502132939403973,False,False
Marr|B cell vs Marr|Fraction A pre-p..,3.0586335930088455,0.006003306297918639,0.01836191431193552,True,False
Live|NK cell vs Lung|NK cell,3.0582990120539906,0.020367693262216914,0.062290496181656704,False,True
Lung|stromal cell vs Lung|monocyte,3.0324986447062194,0.02463933259562504,0.07471874270269871,True,False
Lung|endothelial cell vs Lung|leukocyte,3.0185594651734267,0.042732437074523164,0.12899040240122975,True,False
Kidn|kidney tubule cell vs Sple|B cell,3.0103625983146407,0.020748299867090834,0.062459905898506876,False,False
Marr|Fraction A pre-p.. vs Marr|NK cell,3.005925939973356,0.012818928313167633,0.03853274913920948,True,False
Kidn|kidney collectin.. vs Kidn|leukocyte,2.993442342599282,0.038390641622745005,0.11492017219307932,True,False
Kidn|kidney tubule cell vs Lung|macrophage,2.989429161875549,0.02383085172607006,0.07124064310224609,False,False
Kidn|kidney tubule cell vs Hear|endocardial cell,2.970171130856834,0.02913310462731429,0.08653030631628054,False,False
Sple|myeloid cell vs Hear|fibroblast,2.9580628802648836,0.01861425941734194,0.05506214982606023,False,False
Live|B cell vs Marr|B cell,2.9417239472467696,0.006084631350511904,0.017899305753969322,False,True
Kidn|endothelial cell vs Lung|macrophage,2.9338861930671745,0.021073934655204164,0.061828525918503345,False,False
Live|Kupffer cell vs Lung|T cell,2.9216056296669755,0.022873630174881417,0.06682772668985396,False,False
Hear|fibroblast vs Marr|B cell,2.886913487515642,0.01662557830511959,0.04799660624679719,False,False
Lung|endothelial cell vs Lung|monocyte,2.8800129943248716,0.027133134564756384,0.0781437801232637,True,False
Kidn|fibroblast vs Hear|leukocyte,2.8763909941583696,0.022484048036210326,0.06467291328357956,False,False
Kidn|kidney collectin.. vs Kidn|fibroblast,2.8694457078436506,0.022282398502513814,0.06393813274350005,True,False
Sple|myeloid cell vs Hear|leukocyte,2.8688402143972436,0.010235928341539996,0.029365242857898426,False,False
Kidn|endothelial cell vs Lung|stromal cell,2.863217583455121,0.025388347480127717,0.0726923629199702,False,False
Lung|stromal cell vs Marr|B cell,2.8618311865422896,0.017931083837102027,0.05131573493352297,False,False
Live|liver sinusoid EC vs Marr|hematopoietic st..,2.8478414478782024,0.03719832205988034,0.1059349233536493,False,False
Kidn|kidney collectin.. vs Hear|leukocyte,2.8419983402276627,0.03429655152090268,0.09747074249793793,False,False
Live|NK cell vs Lung|monocyte,2.833798046470963,0.01818134299848476,0.05152225427132463,False,False
Kidn|fibroblast vs Lung|NK cell,2.8116556058837108,0.03642149113237047,0.1024046897169733,False,False
Live|B cell vs Kidn|kidney tubule cell,2.8054495658920664,0.02321549344138643,0.06512989599710768,False,False
Kidn|fibroblast vs Sple|B cell,2.803580532321143,0.014667859795021318,0.041122526172137755,False,False
Hear|leukocyte vs Marr|monocyte,2.800418309582552,0.013803960435042732,0.038656863547046796,False,False
Hear|smooth muscle cell vs Marr|monocyte,2.7988620072801127,0.022526723608357554,0.06304919085593193,False,False
Kidn|leukocyte vs Lung|monocyte,2.7690914851698034,0.020388929274078864,0.05645881044458112,False,False
Sple|T cell vs Lung|leukocyte,2.7552913619099795,0.03489270934283964,0.0961395806459617,False,False
Kidn|kidney tubule cell vs Lung|monocyte,2.731266887346575,0.02669831918953182,0.07292023515017791,False,False
Lung|stromal cell vs Lung|B cell,2.7268792756532654,0.023810374876363446,0.06492801779589066,True,False
Live|NK cell vs Kidn|kidney tubule cell,2.71363320839457,0.024717207884525687,0.067073436134241,False,False
Kidn|kidney tubule cell vs Marr|Fraction A pre-p..,2.6957335740736084,0.021635496944572126,0.058323535505250046,False,False
Sple|T cell vs Lung|stromal cell,2.693841706290832,0.023233628460110314,0.0625877173343108,False,False
Sple|myeloid cell vs Hear|endocardial cell,2.6874931244844418,0.021226221187246944,0.05704532349951215,False,False
Live|NK cell vs Lung|endothelial cell,2.682017575472258,0.02714946712245663,0.07281534798713492,False,False
Kidn|kidney collectin.. vs Lung|stromal cell,2.6800372716013396,0.03697738862448691,0.0991007797201123,False,False
Kidn|leukocyte vs Lung|macrophage,2.6774104548302162,0.01142085267669437,0.030578310359657163,False,False
Live|NK cell vs Marr|B cell,2.6762179566325623,0.010262218040516798,0.027463932194909686,False,False
Hear|endocardial cell vs Marr|B cell,2.673423183759211,0.018614485555930142,0.049764397238974606,False,False
Hear|endocardial cell vs Marr|monocyte,2.668597283648216,0.023167566297836034,0.0618249044911452,False,False
Live|B cell vs Lung|monocyte,2.6576023244586793,0.01913789626070253,0.05086091758769211,False,False
Live|B cell vs Kidn|fibroblast,2.634949210024286,0.016706968154861043,0.04402201254155201,False,False
Kidn|kidney tubule cell vs Lung|endothelial cell,2.6225417092292824,0.03373155296762807,0.0884624045746814,False,False
Lung|leukocyte vs Lung|T cell,2.619025247472032,0.03433100581734519,0.08991377100673625,True,False
Kidn|fibroblast vs Hear|fibroblast,2.58266731284341,0.022301672029321918,0.057597799371883876,False,True
Kidn|leukocyte vs Lung|B cell,2.5784527236520973,0.01951490706760193,0.05031826528027576,False,False
Sple|B cell vs Lung|monocyte,2.5694870460329433,0.01908521845533581,0.049039221591694215,False,False
Kidn|kidney tubule cell vs Marr|NK cell,2.563680348305248,0.02653073899162968,0.0680163341788568,False,False
Hear|endothelial cell vs Marr|hematopoietic st..,2.562945271415588,0.02695339539047762,0.06908007726461932,False,False
Marr|monocyte vs Marr|NK cell,2.55553904305656,0.014768935473966146,0.03774259122810353,True,False
Kidn|kidney collectin.. vs Lung|monocyte,2.5542169278343567,0.0338544962983479,0.08647172752854577,False,False
Lung|NK cell vs Marr|hematopoietic st..,2.5495892043977464,0.034849933731679106,0.08885301481626591,False,False
Kidn|fenestrated cell vs Marr|hematopoietic st..,2.5452396031344935,0.032778972407871435,0.08343033872256721,False,False
Live|B cell vs Kidn|leukocyte,2.540644742605377,0.016780995910638117,0.042634549036045064,False,False
Sple|T cell vs Lung|endothelial cell,2.5365098699310846,0.025063194024574152,0.06357303901533012,False,False
Lung|dendritic cell vs Marr|NK cell,2.5246070627574446,0.015310157259292202,0.03865213114873625,False,False
Lung|B cell vs Marr|Fraction A pre-p..,2.5170818666412864,0.011737660802759958,0.029544653163413294,False,False
Kidn|kidney collectin.. vs Lung|macrophage,2.5163719742029302,0.03379012178283323,0.08502851545922549,False,False
Sple|B cell vs Lung|dendritic cell,2.514437166584949,0.013116307137595103,0.03298013015511257,False,False
Kidn|kidney collectin.. vs Hear|fibroblast,2.49704871726817,0.03833304860450262,0.09571948984685169,False,False
Sple|myeloid cell vs Marr|NK cell,2.4899768043642205,0.013992343308786293,0.034840610277578773,False,False
Kidn|endothelial cell vs Hear|endocardial cell,2.489804071839319,0.02034811313207754,0.05066281493049378,False,False
Lung|monocyte vs Marr|Fraction A pre-p..,2.4874445024847804,0.015460534792117252,0.038457222274126734,False,False
Lung|dendritic cell vs Hear|endocardial cell,2.483829039217997,0.02381421963176245,0.05915045026768689,False,False
Live|B cell vs Lung|endothelial cell,2.480055190181755,0.02825036810572032,0.07006247204513678,False,False
Kidn|kidney collectin.. vs Lung|endothelial cell,2.4800181339697542,0.04153267965283772,0.10300179869139417,False,False
Lung|stromal cell vs Lung|dendritic cell,2.479417744527735,0.023950027690114388,0.059382123636800205,True,False
Sple|T cell vs Lung|monocyte,2.4790152047776033,0.016732419006427753,0.04147992112964416,False,False
Hear|fibroblast vs Marr|monocyte,2.4684680438683997,0.024118443410911235,0.05953560682768275,False,False
Lung|T cell vs Hear|smooth muscle cell,2.4422980180941956,0.022550355345936357,0.05507468816870022,False,False
Lung|endothelial cell vs Marr|Fraction A pre-p..,2.436292505164593,0.02638013961850811,0.06426973643776686,False,False
Marr|Fraction A pre-p.. vs Marr|T cell,2.4287806166765495,0.009557657096426251,0.02321345229664115,True,False
Live|B cell vs Lung|dendritic cell,2.4234363134518717,0.014927261687427348,0.0361752680337103,False,False
Lung|T cell vs Hear|leukocyte,2.3984416035039553,0.020270912152385485,0.048618599047255254,False,False
Live|Kupffer cell vs Marr|hematopoietic st..,2.387169227542393,0.027317492488507046,0.06521147744218449,False,False
Kidn|kidney tubule cell vs Sple|myeloid cell,2.3631155463682383,0.022434699172624806,0.05301578639292433,False,False
Lung|T cell vs Hear|endocardial cell,2.3607965405284546,0.022706270569375048,0.05360488500848367,False,False
Kidn|leukocyte vs Lung|T cell,2.359832379801826,0.028827384972062903,0.0680277964820866,False,False
Sple|B cell vs Lung|endothelial cell,2.357119199406974,0.02860187246745121,0.06741802273201897,False,False
Marr|granulocyte vs Marr|hematopoietic st..,2.3462601213819876,0.059965509175876106,0.14069468283772377,True,False
Lung|dendritic cell vs Hear|fibroblast,2.3445508362134717,0.024112683162508627,0.0565334114720101,False,False
Hear|smooth muscle cell vs Marr|hematopoietic st..,2.341711110501005,0.022734516470550355,0.05323766981095586,False,False
Kidn|leukocyte vs Marr|monocyte,2.32069301848375,0.024413614383417666,0.05665650445555184,False,False
Kidn|kidney collectin.. vs Sple|B cell,2.3114495087405453,0.033473314002795754,0.07737187520768027,False,False
Lung|B cell vs Marr|T cell,2.3102510658796294,0.010172127828079474,0.023500169157084444,False,False
Kidn|fibroblast vs Lung|macrophage,2.30806704133657,0.022617492677372356,0.052202689406314354,False,False
Kidn|endothelial cell vs Sple|B cell,2.307222549724873,0.023447112629723182,0.054097706985236194,False,False
Kidn|kidney tubule cell vs Kidn|endothelial cell,2.3012406950651796,0.03139343772788448,0.0722438564574023,True,False
Live|B cell vs Kidn|kidney collectin..,2.292402589532591,0.034835240189020275,0.07985639481629986,False,False
Kidn|kidney collectin.. vs Marr|monocyte,2.292354556348092,0.03210878135324102,0.07360471123388672,False,False
Live|NK cell vs Sple|myeloid cell,2.2898205503784506,0.01448611129300389,0.03317059533378965,False,False
Kidn|kidney collectin.. vs Marr|NK cell,2.284647073222918,0.036182791088747654,0.0826649077619436,False,False
Kidn|endothelial cell vs Lung|monocyte,2.2822438590252565,0.02725797869727698,0.06220935449130165,False,False
Hear|endocardial cell vs Marr|hematopoietic st..,2.2798497031451337,0.022146350919073,0.05049035156859654,False,False
Kidn|endothelial cell vs Marr|NK cell,2.278307575459975,0.026059968017027264,0.059372622549437884,False,False
Kidn|kidney tubule cell vs Marr|T cell,2.25745667198774,0.022691226277392167,0.051224460155482474,False,False
Kidn|endothelial cell vs Marr|Fraction A pre-p..,2.25422177556884,0.022803957637976213,0.051405177876675354,False,False
Lung|endothelial cell vs Lung|B cell,2.2186877061040726,0.028855420910178495,0.06402116762787141,True,False
Lung|monocyte vs Marr|B cell,2.2170213733906934,0.014757162482270408,0.03271694463379275,False,False
Kidn|kidney collectin.. vs Hear|endocardial cell,2.216897236569487,0.04471469623576485,0.09912788651911114,False,False
Lung|leukocyte vs Marr|monocyte,2.214510181703317,0.03809360815918701,0.0843586831263362,False,False
Lung|endothelial cell vs Lung|dendritic cell,2.1992932011291235,0.026738257009551885,0.058805266851150596,True,False
Lung|stromal cell vs Marr|monocyte,2.1689930174871717,0.028833888210553892,0.06254050219569707,False,False
Lung|macrophage vs Marr|monocyte,2.1646923961310995,0.01204878760092961,0.026081918902330997,False,False
Live|NK cell vs Kidn|kidney collectin..,2.148944147166379,0.038011073600640856,0.08168367414160763,False,False
Live|NK cell vs Lung|dendritic cell,2.1347655132187193,0.017852716956540192,0.038111364476077055,False,False
Kidn|fibroblast vs Lung|endothelial cell,2.1329431677277477,0.032380510697722555,0.06906578906024256,False,False
Hear|fibroblast vs Marr|hematopoietic st..,2.131322606059391,0.024173942026058146,0.05152246911770688,False,False
Kidn|endothelial cell vs Kidn|fenestrated cell,2.118236479275913,0.017561953347850066,0.03720037022875776,True,False
Kidn|fibroblast vs Marr|Fraction A pre-p..,2.117739798662115,0.018334587093559254,0.038827884780067184,False,False
Live|B cell vs Kidn|endothelial cell,2.1016323217067017,0.027045168711325566,0.05683900070973259,False,False
Lung|T cell vs Hear|fibroblast,2.097785308212997,0.025371435841821346,0.053223825357241475,False,False
Lung|endothelial cell vs Marr|T cell,2.092422536818263,0.028102248603775117,0.058801778313808624,False,False
Sple|myeloid cell vs Lung|endothelial cell,2.090722953488036,0.027592313335659036,0.05768788283069638,False,False
Kidn|fibroblast vs Hear|endocardial cell,2.082138173690505,0.03231540251524741,0.06728513317517079,False,False
Kidn|kidney collectin.. vs Kidn|endothelial cell,2.075444544589735,0.04130913320469069,0.08573481515140598,True,False
Lung|T cell vs Lung|macrophage,2.0735656953162604,0.01737876176003579,0.036036004212684256,True,False
Kidn|kidney tubule cell vs Lung|B cell,2.068104914198366,0.028616637267944705,0.05918220816166854,False,False
Kidn|leukocyte vs Marr|hematopoietic st..,2.0663991532828643,0.03207691521169415,0.06628371043337103,False,False
Kidn|kidney tubule cell vs Marr|monocyte,2.0446765558534072,0.029000757502031824,0.059297168966394295,False,False
Live|NK cell vs Kidn|endothelial cell,2.033675219584521,0.02861039201595799,0.058184245265452586,False,False
Kidn|kidney tubule cell vs Marr|B cell,2.0329634497139915,0.022225163724558187,0.045182945515936074,False,False
Lung|endothelial cell vs Marr|B cell,2.024049813242237,0.025647837656000413,0.051912501017694845,False,False
Kidn|kidney collectin.. vs Marr|Fraction A pre-p..,2.0191145840825624,0.03541728903060822,0.07151156481036842,False,False
Lung|monocyte vs Marr|T cell,2.0167444622348842,0.017833565616107355,0.035965744698186954,False,False
Lung|dendritic cell vs Marr|Fraction A pre-p..,2.0154314967883726,0.013965715244184957,0.028146942378307883,False,False
Kidn|kidney tubule cell vs Lung|dendritic cell,2.0043877535725136,0.027221504209179223,0.054562449670701466,False,False
Sple|T cell vs Marr|Fraction A pre-p..,2.003872480397757,0.014009592686311233,0.028073437245680767,False,False
Hear|leukocyte vs Marr|hematopoietic st..,1.9934143546506646,0.02358850872214007,0.047021671891516424,False,False
Lung|B cell vs Lung|macrophage,1.9816113833323505,0.009854777546885516,0.019528339367116395,True,False
Live|NK cell vs Marr|monocyte,1.9624736965716534,0.019222585751380812,0.037723818917177895,False,False
Kidn|kidney collectin.. vs Lung|B cell,1.9464677459410575,0.038107191568043666,0.07417441927559403,False,False
Live|NK cell vs Kidn|fibroblast,1.939106513861303,0.024259282212302065,0.04704133215947458,False,False
Kidn|endothelial cell vs Lung|B cell,1.917701785296817,0.02634362897670599,0.05051922431982604,False,False
Kidn|kidney tubule cell vs Sple|T cell,1.9003132857652967,0.02951894330390383,0.056095240142160996,False,False
Kidn|kidney collectin.. vs Marr|T cell,1.8646791255945565,0.03524154679138543,0.06571417665556023,False,False
Lung|stromal cell vs Lung|T cell,1.8645444934383848,0.030111532279615237,0.05614429170094876,True,False
Kidn|endothelial cell vs Kidn|fibroblast,1.8625925750257049,0.028718676157574154,0.05349119297566536,True,False
Kidn|kidney collectin.. vs Sple|myeloid cell,1.8608959178092714,0.03595981917369945,0.06691748070549687,False,False
Kidn|fibroblast vs Marr|NK cell,1.8595374502328552,0.026226199863579304,0.04876860082361752,False,False
Lung|B cell vs Lung|dendritic cell,1.8434561162073193,0.01597754565248333,0.02945390425505206,True,False
Live|NK cell vs Marr|T cell,1.8314548736538918,0.006785114828060167,0.012426631620152081,False,False
Live|NK cell vs Sple|T cell,1.8287597000773552,0.008747535002681927,0.015997139487920767,False,False
Kidn|endothelial cell vs Lung|dendritic cell,1.8238081501139007,0.024478522248873272,0.044644128380239526,False,False
Marr|T cell vs Marr|NK cell,1.8219452662236986,0.005416847932233852,0.009869200447987097,True,False
Kidn|endothelial cell vs Marr|monocyte,1.8166918183619936,0.0276152521756832,0.05016840268956691,False,False
Kidn|kidney collectin.. vs Marr|B cell,1.815751153758713,0.03323492573239305,0.06034635474367782,False,False
Kidn|kidney collectin.. vs Lung|dendritic cell,1.7992274899219582,0.03742316230040435,0.06733278237069858,False,False
Kidn|kidney tubule cell vs Kidn|fibroblast,1.7894945441952879,0.009682384021625867,0.01732657338150312,True,False
Sple|myeloid cell vs Marr|Fraction A pre-p..,1.779931546507206,0.012200749038981828,0.021716498105501233,False,False
Kidn|kidney collectin.. vs Lung|T cell,1.7743911651116329,0.03629394362778543,0.06439965292020211,False,False
Kidn|fibroblast vs Sple|myeloid cell,1.7691797215363716,0.018402534629916138,0.03255739109211847,False,False
Kidn|endothelial cell vs Lung|T cell,1.7618967306056699,0.022386804873390752,0.039443238315134244,False,False
Sple|T cell vs Marr|monocyte,1.7587303566644594,0.015635165752443614,0.027498040640303097,False,False
Kidn|kidney collectin.. vs Sple|T cell,1.7487422938361183,0.04048231524035727,0.07079313681321922,False,False
Kidn|endothelial cell vs Sple|T cell,1.7318260658186657,0.027545988256548786,0.04770486047142605,False,False
Kidn|fibroblast vs Lung|monocyte,1.7173935371111504,0.031203673082689676,0.05358898648634042,False,False
Marr|hematopoietic st.. vs Marr|NK cell,1.707584877659799,0.01640888454336964,0.028019563105523615,True,False
Lung|monocyte vs Lung|T cell,1.7075519116667417,0.021321401975106045,0.03640740070200737,True,False
Kidn|endothelial cell vs Marr|B cell,1.6947866802992055,0.02172078857272689,0.03681210315865273,False,False
Sple|T cell vs Lung|dendritic cell,1.6844550661138922,0.01629783733324497,0.027452974662684614,False,False
Lung|stromal cell vs Marr|hematopoietic st..,1.681278653155482,0.03250105754094034,0.054643334248561,False,False
Kidn|endothelial cell vs Sple|myeloid cell,1.6793691459791473,0.026430464692174298,0.04438650691792876,False,False
Sple|myeloid cell vs Marr|T cell,1.663068332753138,0.01075222007352998,0.017881676711080326,False,False
Kidn|endothelial cell vs Marr|T cell,1.6628657069158277,0.025879533847309615,0.04303418934565859,False,False
Sple|T cell vs Sple|myeloid cell,1.6533200405604893,0.014187651276066289,0.023456728183203993,True,False
Kidn|fibroblast vs Marr|T cell,1.620378044668047,0.019465550166711157,0.0315415501175232,False,False
Lung|dendritic cell vs Marr|T cell,1.6200851330326282,0.013390253363207118,0.021693350401272002,False,False
Marr|B cell vs Marr|T cell,1.6123507441269147,0.006724378809034627,0.010842057176538238,True,False
Lung|macrophage vs Marr|hematopoietic st..,1.6050174330166043,0.021814867766254905,0.03501324306379111,False,False
Kidn|kidney tubule cell vs Lung|T cell,1.5880620138788524,0.03147233730677438,0.04998002336487066,False,False
Lung|B cell vs Marr|monocyte,1.586349098907643,0.017513617758253115,0.027782711749417724,False,False
Lung|B cell vs Marr|B cell,1.5751438063713348,0.0067268534374657915,0.010595761528391964,False,True
Live|B cell vs Marr|monocyte,1.5646532300984717,0.0213110729526461,0.0333444391322219,False,False
Live|B cell vs Lung|T cell,1.544343917646413,0.017968863224269917,0.02775010462742156,False,False
Live|NK cell vs Marr|NK cell,1.5354346909581214,0.006056283304190077,0.00929902748352392,False,True
Lung|T cell vs Marr|monocyte,1.5295633130373916,0.014934671345848135,0.02284352538288007,False,False
Live|NK cell vs Marr|hematopoietic st..,1.5223981064472243,0.017314738912601525,0.026359925734172632,False,False
Lung|leukocyte vs Marr|hematopoietic st..,1.518079380075917,0.058282247592403275,0.08847707829450667,False,False
Sple|T cell vs Marr|B cell,1.5046909320386916,0.010624239750655205,0.015986197212615898,False,False
Kidn|leukocyte vs Hear|leukocyte,1.47428975093272,0.00936465275591617,0.013806211579091059,False,True
Sple|B cell vs Marr|monocyte,1.4731537141600972,0.02133968602349532,0.031436637724522445,False,False
Sple|myeloid cell vs Lung|monocyte,1.467853260102529,0.018196408083153703,0.026709656927013173,False,False
Sple|B cell vs Lung|macrophage,1.4566980230768092,0.009824707680302778,0.0143116322552046,False,False
Kidn|fibroblast vs Lung|B cell,1.447331824819602,0.026662194700745993,0.03858904290992622,False,False
Kidn|fibroblast vs Marr|B cell,1.442527558529167,0.01684504050671836,0.024299435155481358,False,False
Kidn|fibroblast vs Lung|dendritic cell,1.3895035898203076,0.025546609283036845,0.035497105306516494,False,False
Sple|B cell vs Sple|myeloid cell,1.3748179277250505,0.009415205586606867,0.012944193433684172,True,False
Lung|endothelial cell vs Marr|hematopoietic st..,1.3472534992032437,0.0409354037273711,0.055150365912998225,False,False
Sple|B cell vs Lung|T cell,1.3401194039941065,0.019634882056148755,0.026313086438580643,False,False
Marr|Fraction A pre-p.. vs Marr|monocyte,1.3113062082743758,0.018001069112834597,0.02360491368323612,True,False
Kidn|kidney collectin.. vs Marr|hematopoietic st..,1.3109460216250963,0.049528651933462564,0.06492938920862688,False,False
Lung|T cell vs Marr|NK cell,1.30960676295164,0.01419725616812859,0.018592822693138084,False,False
Lung|monocyte vs Lung|dendritic cell,1.2893550495112922,0.013840653533173283,0.01784551652153328,True,False
Kidn|kidney tubule cell vs Marr|hematopoietic st..,1.2822612169169585,0.03815383047076219,0.04892317708948286,False,False
Sple|myeloid cell vs Lung|macrophage,1.2586805003957602,0.010249478542059182,0.012900818780114658,False,False
Lung|B cell vs Lung|T cell,1.2535152158644067,0.016689486351261704,0.020920525086267884,True,False
Kidn|fibroblast vs Sple|T cell,1.2527954187129153,0.027774429392126133,0.034795677899820965,False,False
Lung|dendritic cell vs Marr|B cell,1.239316069475584,0.0129449888972379,0.01604293275952995,False,False
Lung|monocyte vs Marr|hematopoietic st..,1.223665141501574,0.028729793124875454,0.03515564636946167,False,False
Live|B cell vs Sple|myeloid cell,1.2126864555548362,0.01206692848653276,0.014633400735767096,False,False
Kidn|fibroblast vs Marr|monocyte,1.1978998472190914,0.03334916007252381,0.039948953755761296,False,False
Sple|B cell vs Marr|hematopoietic st..,1.1971737007270673,0.024124439467704248,0.028881144475517616,False,False
Sple|T cell vs Marr|hematopoietic st..,1.155804862942794,0.018268099088557338,0.02111435776327539,False,False
Marr|monocyte vs Marr|T cell,1.130212396114244,0.018858409738881934,0.021314008457885947,True,False
Live|B cell vs Marr|hematopoietic st..,1.1257861556142268,0.027850659875488955,0.03135388731254611,False,False
Live|B cell vs Lung|macrophage,1.1231806627042247,0.012045236962052827,0.013528977233467916,False,False
Lung|B cell vs Marr|hematopoietic st..,1.101193481827448,0.022427888229828573,0.024697444329841767,False,False
Lung|T cell vs Marr|Fraction A pre-p..,1.0922744735541,0.02136248966195717,0.023333702149319173,False,False
Sple|myeloid cell vs Lung|dendritic cell,1.0892747490869306,0.011525761413986771,0.012554720872256266,False,False
Marr|Fraction A pre-p.. vs Marr|hematopoietic st..,1.0091181725162333,0.02513081979828527,0.025359966948680403,True,False
Kidn|endothelial cell vs Marr|hematopoietic st..,0.9945701422273131,0.0406111563844096,0.04039064358125791,False,False
Marr|B cell vs Marr|monocyte,0.9565359434266835,0.018410345032003075,0.017610156753997817,True,False
Kidn|fibroblast vs Lung|T cell,0.9564466843447235,0.028829107545494972,0.027573504324506115,False,False
Sple|myeloid cell vs Marr|B cell,0.9359967510148959,0.011094604872192718,0.010384514114166419,False,False
Lung|dendritic cell vs Lung|T cell,0.9350163497936345,0.022468337769554335,0.021008263167219144,True,False
Live|NK cell vs Lung|T cell,0.8720275697411924,0.021490132025832137,0.018739987603903767,False,False
Sple|myeloid cell vs Lung|B cell,0.8530936089138629,0.01537963333210228,0.013120266903055072,False,False
Lung|monocyte vs Marr|monocyte,0.8434908193158913,0.013019129473672529,0.01098151618652771,False,True
Lung|dendritic cell vs Marr|monocyte,0.8233069152964582,0.017821234168103453,0.014672345329717095,False,False
Marr|hematopoietic st.. vs Marr|T cell,0.8039586684215536,0.017739728365610455,0.014262008394976246,True,False
Marr|hematopoietic st.. vs Marr|monocyte,0.7469721383542223,0.028423542617235353,0.021231594408398658,True,False
Sple|myeloid cell vs Lung|T cell,0.7375948030179341,0.02302956007024091,0.016986483823599026,False,False
Kidn|fibroblast vs Marr|hematopoietic st..,0.7336231676602573,0.043138383915574355,0.03164731785588795,False,False
Sple|myeloid cell vs Marr|monocyte,0.7096115236204016,0.019966139183103856,0.014168202446539328,False,False
Sple|myeloid cell vs Marr|hematopoietic st..,0.5919698602817176,0.03118216191096078,0.01845890002971335,False,False
Lung|dendritic cell vs Marr|hematopoietic st..,0.5839595287781016,0.03613641845343374,0.021102205891795463,False,False
Lung|T cell vs Marr|B cell,0.5337070231456745,0.017359338195872726,0.009264800712298238,False,False
Marr|B cell vs Marr|hematopoietic st..,0.5029529782113648,0.02115090084294025,0.010637908570810064,True,False
Live|B cell vs Sple|B cell,0.5022529329159675,0.0045449016694536735,0.0022826901932977844,False,True
Live|B cell vs Lung|B cell,0.49119043400988693,0.009584563967331865,0.0047078461349092625,False,True
Sple|T cell vs Marr|T cell,0.49036121291181173,0.0063624353301565024,0.003119891505568506,False,True
Lung|T cell vs Marr|hematopoietic st..,0.4888070725112966,0.03216220700015997,0.015721114249250524,False,False
Sple|B cell vs Lung|B cell,0.44987681450935263,0.008679542362026968,0.0039047248692276743,False,True
Sple|T cell vs Lung|T cell,0.36866518278647387,0.012706803496152023,0.0046845560335406905,False,True
Lung|T cell vs Marr|T cell,0.28290281047178545,0.017486275832250698,0.004946916577628581,False,True
