series,delta,eta,eps,module_size,module_seed,n,omega_mean,omega_sd,omega_power,k_f_mean,k_f_sd,k_f_power,k_n_mean,k_n_sd,k_n_power,k_total_mean,k_total_sd,k_total_power,cosine_mean,cosine_sd,cosine_power,kf_over_kt_mean,kf_over_kt_sd,kf_over_kt_power
baseline,0.0,0.0,0.0,200,42,200,11.61535,4.37869,0.05,0.02866,0.01067,0.05,0.00248,0.00021,0.05,0.00273,0.00046,0.05,0.0124,0.00116,0.05,10.33668,2.58953,0.05
confounded,0.5,0.25,0.0,200,42,50,8.10972,2.3376,0.0,0.02348,0.00746,0.0,0.00289,0.00028,0.5,0.00332,0.00053,0.26,0.01368,0.00124,0.14,6.98967,1.45204,0.0
confounded,0.5,0.5,0.0,200,42,50,5.51596,1.88483,0.0,0.02042,0.0077,0.0,0.00369,0.00037,1.0,0.00421,0.00058,0.96,0.01609,0.00131,0.94,4.78277,1.34873,0.0
confounded,0.5,1.0,0.0,200,42,50,2.10771,0.97255,0.0,0.01309,0.00649,0.0,0.00616,0.00054,1.0,0.00831,0.00079,1.0,0.02628,0.00155,1.0,1.55413,0.69674,0.0
depth,0.25,0.0,0.0,200,42,50,10.78258,3.066,0.0,0.02677,0.00817,0.02,0.00248,0.00022,0.06,0.00275,0.00051,0.06,0.01237,0.0012,0.06,9.66254,1.85798,0.0
depth,1.0,0.0,0.0,200,42,50,12.80255,2.73249,0.0,0.03145,0.00717,0.02,0.00246,0.00022,0.08,0.00444,0.00051,0.98,0.01521,0.00124,0.66,7.03643,1.02973,0.0
dropout,0.25,0.0,0.0,200,42,50,9.93145,2.58558,0.0,0.03254,0.00874,0.06,0.00328,0.00026,0.98,0.00358,0.00053,0.46,0.01566,0.00126,0.82,9.01651,1.62581,0.0
dropout,1.0,0.0,0.0,200,42,50,11.55383,2.34064,0.0,0.03734,0.00741,0.02,0.00324,0.00026,0.96,0.00527,0.00059,1.0,0.01847,0.00133,1.0,7.05831,0.94397,0.0
imbalance,0.25,0.0,0.0,200,42,50,9.06101,2.2577,0.0,0.05591,0.01623,0.48,0.00617,0.00076,1.0,0.00638,0.00101,1.0,0.02908,0.00323,1.0,8.67603,1.43849,0.0
imbalance,1.0,0.0,0.0,200,42,50,8.46702,1.90542,0.0,0.05118,0.01293,0.38,0.00606,0.00075,1.0,0.00803,0.00106,1.0,0.03179,0.00331,1.0,6.32904,1.05635,0.0
module_size,1.0,0.0,0.0,50,42,50,11.99339,3.19933,0.04,0.02974,0.0083,0.02,0.00248,0.00022,0.06,0.00282,0.00051,0.06,0.01286,0.00118,0.1,10.51765,1.92745,0.02
module_size,1.0,0.0,0.0,500,42,50,7.30624,3.07416,0.0,0.01802,0.00821,0.0,0.00245,0.00023,0.08,0.00594,0.00049,1.0,0.01904,0.00122,1.0,2.97585,1.11722,0.0
neutral_global,0.0,0.0,0.3,200,42,50,10.7366,3.22453,0.02,0.0267,0.00839,0.02,0.00249,0.00022,0.06,0.00267,0.00051,0.04,0.01221,0.00119,0.04,9.93613,2.01354,0.02
neutral_global,0.0,0.0,1.0,200,42,50,10.73806,3.23447,0.02,0.02671,0.00839,0.02,0.00249,0.00022,0.06,0.00267,0.00051,0.04,0.01221,0.00119,0.04,9.93885,2.01586,0.02
neutral_hk,0.0,0.25,0.0,200,42,50,8.94156,2.60469,0.0,0.02569,0.00834,0.02,0.00287,0.00028,0.44,0.00292,0.00053,0.1,0.01289,0.00122,0.1,8.71848,1.8166,0.0
neutral_hk,0.0,0.5,0.0,200,42,50,6.37263,1.96377,0.0,0.0232,0.00798,0.0,0.00363,0.00036,1.0,0.00377,0.00057,0.56,0.01518,0.00129,0.64,6.09425,1.53717,0.0
neutral_hk,0.0,1.0,0.0,200,42,50,2.49768,1.1473,0.0,0.01519,0.00748,0.0,0.00604,0.00054,1.0,0.00778,0.00077,1.0,0.02511,0.00152,1.0,1.9287,0.86298,0.0
signal,0.125,0.0,0.0,200,42,50,10.77006,3.19593,0.02,0.02674,0.00831,0.02,0.00248,0.00022,0.06,0.00269,0.00051,0.04,0.01225,0.0012,0.06,9.88459,1.96928,0.0
signal,0.125,0.0,0.0,200,137,50,10.77149,3.20505,0.02,0.02675,0.00834,0.02,0.00248,0.00022,0.06,0.00269,0.00051,0.04,0.01224,0.0012,0.06,9.8891,1.98188,0.0
signal,0.125,0.0,0.0,200,2024,50,10.59648,2.91406,0.0,0.02631,0.00771,0.0,0.00248,0.00022,0.06,0.0027,0.0005,0.04,0.01224,0.00119,0.06,9.70136,1.81108,0.0
signal,0.25,0.0,0.0,200,42,50,10.78339,3.0673,0.0,0.02676,0.00817,0.02,0.00248,0.00022,0.06,0.00275,0.00051,0.06,0.01237,0.0012,0.06,9.66254,1.85874,0.0
signal,0.25,0.0,0.0,200,137,50,10.73378,3.02681,0.0,0.02664,0.00808,0.02,0.00248,0.00022,0.06,0.00275,0.0005,0.06,0.01236,0.0012,0.06,9.63038,1.85335,0.0
signal,0.25,0.0,0.0,200,2024,50,10.52294,2.65248,0.0,0.02606,0.00703,0.0,0.00248,0.00022,0.06,0.0028,0.0005,0.04,0.01236,0.00119,0.06,9.28603,1.57717,0.0
signal,0.5,0.0,0.0,200,42,50,10.23391,2.74021,0.0,0.02533,0.00729,0.0,0.00247,0.00022,0.08,0.00303,0.00051,0.12,0.01287,0.00121,0.1,8.27938,1.46869,0.0
signal,0.5,0.0,0.0,200,137,50,10.18513,2.65037,0.0,0.0252,0.00717,0.0,0.00247,0.00022,0.08,0.00303,0.00049,0.08,0.01288,0.0012,0.1,8.25662,1.43728,0.0
signal,0.5,0.0,0.0,200,2024,50,9.77243,2.52794,0.0,0.02412,0.00664,0.0,0.00247,0.00022,0.08,0.00324,0.00051,0.22,0.01288,0.00119,0.1,7.38834,1.29826,0.0
signal,1.0,0.0,0.0,200,42,50,12.8068,2.72266,0.0,0.03145,0.00714,0.02,0.00246,0.00022,0.08,0.00444,0.00051,0.98,0.0152,0.00124,0.66,7.04044,1.02551,0.0
signal,1.0,0.0,0.0,200,137,50,12.45626,2.53289,0.0,0.03058,0.00664,0.0,0.00246,0.00022,0.08,0.00443,0.00046,1.0,0.01528,0.00121,0.66,6.86616,1.03262,0.0
signal,1.0,0.0,0.0,200,2024,50,12.1251,2.71253,0.0,0.02972,0.00719,0.02,0.00245,0.00022,0.08,0.00541,0.00066,1.0,0.01527,0.00121,0.68,5.45763,0.88686,0.0
signal,2.0,0.0,0.0,200,42,50,17.94972,4.60255,0.16,0.04417,0.01227,0.18,0.00246,0.00023,0.08,0.01275,0.00063,1.0,0.0271,0.00136,1.0,3.44355,0.82185,0.0
signal,2.0,0.0,0.0,200,137,50,17.22451,4.74124,0.12,0.04233,0.01223,0.14,0.00246,0.00023,0.08,0.01276,0.00043,1.0,0.02746,0.00129,1.0,3.3033,0.87266,0.0
signal,2.0,0.0,0.0,200,2024,50,16.66612,3.30752,0.12,0.04181,0.00992,0.14,0.0025,0.00025,0.12,0.01762,0.00143,1.0,0.02761,0.00133,1.0,2.36695,0.51049,0.0
