cell_type,comparison,donor,n_cells_a,n_cells_b,k_n,k_f,omega,raw_js,perm_P,null_mean,null_sd
B cells,stim_vs_ctrl,101,107,135,0.009437260212654026,0.24358852512700213,25.811360462476653,0.014290467406858827,0.000999000999000999,15.908640171035266,1.8419053834161279
B cells,stim_vs_ctrl,1015,453,341,0.0055976708510102535,0.18630350409333019,33.282325640798724,0.011073485228863903,0.5174825174825175,39.54959601161891,28.433095958275985
B cells,stim_vs_ctrl,1016,126,116,0.008409894216032249,0.16825621692086082,20.006936187152586,0.010789665908529172,0.000999000999000999,7.3370559045952435,0.5359037518967175
B cells,stim_vs_ctrl,1244,116,93,0.009220959772630512,0.2021855958015609,21.926740901926994,0.01078378863804926,0.000999000999000999,7.238374620165032,0.6158847485768456
B cells,stim_vs_ctrl,1256,216,208,0.00634116540732292,0.19180224058457299,30.24715935702851,0.011327038196084951,0.4785214785214785,27.81309982543397,18.82014283996887
B cells,stim_vs_ctrl,1488,218,279,0.00655052613983848,0.17066701418048458,26.05393987248371,0.011650166349584441,0.7152847152847153,28.653276061698573,4.3266204501888845
B cells,donor_vs_donor_ctrl,101|1015,107,453,0.004767150249961823,0.06960351691690159,14.60065516446833,0.0029716076558642737,,,
B cells,donor_vs_donor_ctrl,101|1016,107,126,0.00684551578966902,0.04863201626840082,7.1042150456791475,0.0034541975007398567,,,
B cells,donor_vs_donor_ctrl,101|1244,107,116,0.006978696222148969,0.04970135737668496,7.121868583266731,0.003774676090695003,,,
B cells,donor_vs_donor_ctrl,101|1256,107,216,0.0050505721062100856,0.04084718018533144,8.087634296935695,0.0023966295209736374,,,
B cells,donor_vs_donor_ctrl,101|1488,107,218,0.005364500396102668,0.06559637990816644,12.227863745862052,0.0036532764088667378,,,
B cells,donor_vs_donor_ctrl,1015|1016,453,126,0.0036653444576276954,0.05125749125162853,13.98435859008015,0.002788743908083934,,,
B cells,donor_vs_donor_ctrl,1015|1244,453,116,0.004540033475731972,0.0639503632520567,14.08587923280593,0.0033949678286215824,,,
B cells,donor_vs_donor_ctrl,1015|1256,453,216,0.0024332389197583766,0.06927552574885895,28.470498801547237,0.0019932340464021256,,,
B cells,donor_vs_donor_ctrl,1015|1488,453,218,0.002390027843512944,0.028670837368426835,11.996026509166299,0.0016831039651547248,,,
B cells,donor_vs_donor_ctrl,1016|1244,126,116,0.007027484872546331,0.05991611559606675,8.525968633548523,0.003154079097964714,,,
B cells,donor_vs_donor_ctrl,1016|1256,126,216,0.004929467265523832,0.03748736322221437,7.604749398458731,0.0021647633123364138,,,
B cells,donor_vs_donor_ctrl,1016|1488,126,218,0.004221088736954965,0.07874746890887116,18.6557245810659,0.0029841745393148888,,,
B cells,donor_vs_donor_ctrl,1244|1256,116,216,0.004398241951263542,0.039587672930496524,9.000794719609194,0.002493254304098376,,,
B cells,donor_vs_donor_ctrl,1244|1488,116,218,0.0052097825556181,0.08757756900886932,16.810215795749066,0.003266899640848516,,,
B cells,donor_vs_donor_ctrl,1256|1488,216,218,0.0032396714892137333,0.05939547942285266,18.333796997814712,0.00257145035580311,,,
B cells,donor_vs_donor_stim,101|1015,135,341,0.0034513777164258716,0.0329647633479644,9.551189715074587,0.002050932216795105,,,
B cells,donor_vs_donor_stim,101|1016,135,116,0.005987058160278221,0.06853360647318882,11.446958529296136,0.004234784293675813,,,
B cells,donor_vs_donor_stim,101|1244,135,93,0.005379121838994862,0.07158003420413778,13.307011134277108,0.00402244948124718,,,
B cells,donor_vs_donor_stim,101|1256,135,208,0.00403180368125053,0.05815521082683424,14.424117696325046,0.0028652300633075314,,,
B cells,donor_vs_donor_stim,101|1488,135,279,0.003733796893643929,0.05797902568709438,15.528168065540072,0.0030851059183717193,,,
B cells,donor_vs_donor_stim,1015|1016,341,116,0.004855643053052974,0.06896470718757505,14.203001833961757,0.00356206118318463,,,
B cells,donor_vs_donor_stim,1015|1244,341,93,0.004439275436174266,0.06636271245260232,14.948996386174496,0.0037266073139947432,,,
B cells,donor_vs_donor_stim,1015|1256,341,208,0.002819442535914192,0.05406448434482318,19.175593634609406,0.0023080585778937003,,,
B cells,donor_vs_donor_stim,1015|1488,341,279,0.0024026515846683966,0.052927309874958806,22.028707871209548,0.0026148682194636072,,,
B cells,donor_vs_donor_stim,1016|1244,116,93,0.007445792793371257,0.06209588035436951,8.3397271556699,0.0039225031244889816,,,
B cells,donor_vs_donor_stim,1016|1256,116,208,0.00517526797692628,0.12963067582392274,25.048108890568717,0.0040503553942548625,,,
B cells,donor_vs_donor_stim,1016|1488,116,279,0.004316443429919413,0.045342162326941195,10.50451907064324,0.002473000463994521,,,
B cells,donor_vs_donor_stim,1244|1256,93,208,0.00506414388104259,0.11820953555200914,23.342452017313644,0.0049596256083075715,,,
B cells,donor_vs_donor_stim,1244|1488,93,279,0.004582942689316052,0.0513676202364408,11.208436089805607,0.002588052667004289,,,
B cells,donor_vs_donor_stim,1256|1488,208,279,0.0030168322734572825,0.08989203433668339,29.796828656194176,0.0033965854361160323,,,
B cells,split_half,101|ctrl,53,53,,,6.460015743680153,,,,
B cells,split_half,101|ctrl,53,53,,,7.079993681172169,,,,
B cells,split_half,101|ctrl,53,53,,,7.583406217614454,,,,
B cells,split_half,101|ctrl,53,53,,,6.738695944512658,,,,
B cells,split_half,101|ctrl,53,53,,,6.732750020881855,,,,
B cells,split_half,101|ctrl,53,53,,,6.170252680281666,,,,
B cells,split_half,101|stim,67,67,,,16.429162734299204,,,,
B cells,split_half,101|stim,67,67,,,16.060353238657708,,,,
B cells,split_half,101|stim,67,67,,,14.171559926651089,,,,
B cells,split_half,101|stim,67,67,,,15.590299858619426,,,,
B cells,split_half,101|stim,67,67,,,18.21706142108099,,,,
B cells,split_half,101|stim,67,67,,,15.01049354312339,,,,
B cells,split_half,1015|ctrl,226,226,,,46.610454589454775,,,,
B cells,split_half,1015|ctrl,226,226,,,50.15049942073382,,,,
B cells,split_half,1015|ctrl,226,226,,,52.30265902326618,,,,
B cells,split_half,1015|ctrl,226,226,,,48.99695674574453,,,,
B cells,split_half,1015|ctrl,226,226,,,48.15245199526761,,,,
B cells,split_half,1015|ctrl,226,226,,,34.36289348306173,,,,
B cells,split_half,1015|stim,170,170,,,32.46746120937095,,,,
B cells,split_half,1015|stim,170,170,,,32.050274630756746,,,,
B cells,split_half,1015|stim,170,170,,,33.24149394780389,,,,
B cells,split_half,1015|stim,170,170,,,29.76563137288191,,,,
B cells,split_half,1015|stim,170,170,,,33.171120570420086,,,,
B cells,split_half,1015|stim,170,170,,,28.08603370245609,,,,
B cells,split_half,1016|ctrl,63,63,,,6.908463574834373,,,,
B cells,split_half,1016|ctrl,63,63,,,7.243341811995566,,,,
B cells,split_half,1016|ctrl,63,63,,,8.441641689029911,,,,
B cells,split_half,1016|ctrl,63,63,,,7.10425672722953,,,,
B cells,split_half,1016|ctrl,63,63,,,8.011932008662765,,,,
B cells,split_half,1016|ctrl,63,63,,,7.510138320355974,,,,
B cells,split_half,1016|stim,58,58,,,6.04944026872039,,,,
B cells,split_half,1016|stim,58,58,,,6.740721062550191,,,,
B cells,split_half,1016|stim,58,58,,,6.258709697844767,,,,
B cells,split_half,1016|stim,58,58,,,6.451886119018571,,,,
B cells,split_half,1016|stim,58,58,,,6.250868359909152,,,,
B cells,split_half,1016|stim,58,58,,,6.231098678879282,,,,
B cells,split_half,107|stim,27,27,,,6.154410727397235,,,,
B cells,split_half,107|stim,27,27,,,5.703263470004406,,,,
B cells,split_half,107|stim,27,27,,,5.1056513123290115,,,,
B cells,split_half,107|stim,27,27,,,6.168865912076353,,,,
B cells,split_half,107|stim,27,27,,,5.980216834582249,,,,
B cells,split_half,107|stim,27,27,,,5.198257544804204,,,,
B cells,split_half,1244|ctrl,58,58,,,7.532615750602707,,,,
B cells,split_half,1244|ctrl,58,58,,,6.079760586541747,,,,
B cells,split_half,1244|ctrl,58,58,,,7.378559133169731,,,,
B cells,split_half,1244|ctrl,58,58,,,7.6516377928555555,,,,
B cells,split_half,1244|ctrl,58,58,,,7.072090981553314,,,,
B cells,split_half,1244|ctrl,58,58,,,7.508963928521174,,,,
B cells,split_half,1244|stim,46,46,,,6.137391381336809,,,,
B cells,split_half,1244|stim,46,46,,,6.036073788795276,,,,
B cells,split_half,1244|stim,46,46,,,5.558851816245179,,,,
B cells,split_half,1244|stim,46,46,,,7.733394671239835,,,,
B cells,split_half,1244|stim,46,46,,,6.679689200217242,,,,
B cells,split_half,1244|stim,46,46,,,5.935960501955531,,,,
B cells,split_half,1256|ctrl,108,108,,,7.06493840134261,,,,
B cells,split_half,1256|ctrl,108,108,,,7.55381400626,,,,
B cells,split_half,1256|ctrl,108,108,,,6.466400380354471,,,,
B cells,split_half,1256|ctrl,108,108,,,6.809148958275258,,,,
B cells,split_half,1256|ctrl,108,108,,,7.115313047126891,,,,
B cells,split_half,1256|ctrl,108,108,,,5.929804420584892,,,,
B cells,split_half,1256|stim,104,104,,,8.900332081743793,,,,
B cells,split_half,1256|stim,104,104,,,48.28548122935531,,,,
B cells,split_half,1256|stim,104,104,,,42.866152822344425,,,,
B cells,split_half,1256|stim,104,104,,,10.3011257379791,,,,
B cells,split_half,1256|stim,104,104,,,41.65819063114892,,,,
B cells,split_half,1256|stim,104,104,,,43.667290815690215,,,,
B cells,split_half,1488|ctrl,109,109,,,30.641005422620406,,,,
B cells,split_half,1488|ctrl,109,109,,,29.589146031028132,,,,
B cells,split_half,1488|ctrl,109,109,,,26.56949174735441,,,,
B cells,split_half,1488|ctrl,109,109,,,33.2182931674205,,,,
B cells,split_half,1488|ctrl,109,109,,,29.385233788911016,,,,
B cells,split_half,1488|ctrl,109,109,,,28.820660076594123,,,,
B cells,split_half,1488|stim,139,139,,,7.346629060967396,,,,
B cells,split_half,1488|stim,139,139,,,7.420192334573094,,,,
B cells,split_half,1488|stim,139,139,,,8.954603785243572,,,,
B cells,split_half,1488|stim,139,139,,,8.81463669216547,,,,
B cells,split_half,1488|stim,139,139,,,6.4778057119683154,,,,
B cells,split_half,1488|stim,139,139,,,8.08313242636178,,,,
CD14+ Monocytes,stim_vs_ctrl,101,202,253,0.012573443278231441,0.35652176695169246,28.355141790709233,0.03535676909485911,0.000999000999000999,7.38193951985192,0.9924376703898979
CD14+ Monocytes,stim_vs_ctrl,1015,779,671,0.013091315529672898,0.37181504056580716,28.401656023265783,0.037117804331014546,0.3196803196803197,27.574440499535555,25.732745474739122
CD14+ Monocytes,stim_vs_ctrl,1016,369,329,0.010575198878333018,0.32700332128116616,30.92171835663029,0.02927155696293775,0.14385614385614387,24.475607420444213,5.475512862397103
CD14+ Monocytes,stim_vs_ctrl,1039,126,165,0.011806550988914456,0.36500525697605907,30.91548559090407,0.03209528615261599,0.03196803196803197,12.954708064846718,6.798691366144041
CD14+ Monocytes,stim_vs_ctrl,107,209,169,0.014466670498876521,0.3642887430998526,25.181242852537714,0.044758121075346595,0.7782217782217782,32.342342809063105,9.316753055540923
CD14+ Monocytes,stim_vs_ctrl,1244,415,290,0.015756924648794683,0.44643913990944895,28.332885373263434,0.045590161019274156,0.000999000999000999,15.45855981530164,3.926902025048726
CD14+ Monocytes,stim_vs_ctrl,1256,390,375,0.011553912571194407,0.3173198741884674,27.464278635757747,0.03870582086606038,0.4915084915084915,33.47669676355055,27.39970124393458
CD14+ Monocytes,stim_vs_ctrl,1488,295,348,0.014421817226488933,0.43307299950408884,30.02901733553052,0.0394539933370272,0.34165834165834164,25.864748197984955,18.410096130016942
CD14+ Monocytes,donor_vs_donor_ctrl,101|1015,202,779,0.0022286023250356734,0.04640397226181525,20.82200657359202,0.0033276128108225144,,,
CD14+ Monocytes,donor_vs_donor_ctrl,101|1016,202,369,0.0028523292863722486,0.05084269232003083,17.82497293105152,0.004003129182015021,,,
CD14+ Monocytes,donor_vs_donor_ctrl,101|1039,202,126,0.0033914744218352206,0.38207210828156274,112.65663860581704,0.02008037207739089,,,
CD14+ Monocytes,donor_vs_donor_ctrl,101|107,202,209,0.002170279597398047,0.051029505388196186,23.51287154400547,0.003740230450191749,,,
CD14+ Monocytes,donor_vs_donor_ctrl,101|1244,202,415,0.0019806810275457935,0.030289392079881777,15.292412891646928,0.0020487054355075437,,,
CD14+ Monocytes,donor_vs_donor_ctrl,101|1256,202,390,0.0019240628603291116,0.030513694066826386,15.858990210749667,0.00413753232884326,,,
CD14+ Monocytes,donor_vs_donor_ctrl,101|1488,202,295,0.0028128734206913364,0.0813768774294897,28.930159754394218,0.005145551807898592,,,
CD14+ Monocytes,donor_vs_donor_ctrl,1015|1016,779,369,0.002069501962933409,0.019276991881796532,9.314797582734554,0.003057573498080705,,,
CD14+ Monocytes,donor_vs_donor_ctrl,1015|1039,779,126,0.002300719875825671,0.2167594578467275,94.21375462709815,0.018157195184470294,,,
CD14+ Monocytes,donor_vs_donor_ctrl,1015|107,779,209,0.002226716283427841,0.04573635032302497,20.53981940286426,0.0037778469914242566,,,
CD14+ Monocytes,donor_vs_donor_ctrl,1015|1244,779,415,0.0017842348451389666,0.034783058365304494,19.494663754644577,0.0023980073214137244,,,
CD14+ Monocytes,donor_vs_donor_ctrl,1015|1256,779,390,0.001422950373737263,0.02654270518539925,18.653289443740054,0.0014649650198107654,,,
CD14+ Monocytes,donor_vs_donor_ctrl,1015|1488,779,295,0.0012274359420548632,0.04953757457610425,40.35858237389797,0.002387070747995289,,,
CD14+ Monocytes,donor_vs_donor_ctrl,1016|1039,369,126,0.003626152155036302,0.319033125928633,87.9811746138488,0.02024176569427363,,,
CD14+ Monocytes,donor_vs_donor_ctrl,1016|107,369,209,0.004123445951384174,0.07963493949897041,19.31271573287829,0.005881351486605412,,,
CD14+ Monocytes,donor_vs_donor_ctrl,1016|1244,369,415,0.0015716923237481032,0.0450909374734032,28.689417637335218,0.002714904371345111,,,
CD14+ Monocytes,donor_vs_donor_ctrl,1016|1256,369,390,0.002766656740988794,0.03619717445456157,13.083363005713826,0.005003165901924688,,,
CD14+ Monocytes,donor_vs_donor_ctrl,1016|1488,369,295,0.0021227470999984196,0.04171968403215543,19.6536290320154,0.004706821107833672,,,
CD14+ Monocytes,donor_vs_donor_ctrl,1039|107,126,209,0.0029674961295653515,0.2598691749864464,87.5718665299521,0.014832034106326525,,,
CD14+ Monocytes,donor_vs_donor_ctrl,1039|1244,126,415,0.002807461339251212,0.3038520323079936,108.23017509086522,0.018981523344740132,,,
CD14+ Monocytes,donor_vs_donor_ctrl,1039|1256,126,390,0.0023848436727380564,0.2792318184498357,117.08600510877412,0.016993838527314814,,,
CD14+ Monocytes,donor_vs_donor_ctrl,1039|1488,126,295,0.0027193627176622997,0.2512893434594453,92.4074386352793,0.014211428999672333,,,
CD14+ Monocytes,donor_vs_donor_ctrl,107|1244,209,415,0.002591055365143484,0.04608566739664685,17.78644640968325,0.0037498968148910313,,,
CD14+ Monocytes,donor_vs_donor_ctrl,107|1256,209,390,0.0021753136091898443,0.03126695889379203,14.37354079048714,0.0031924049043948717,,,
CD14+ Monocytes,donor_vs_donor_ctrl,107|1488,209,295,0.0030895810049821346,0.04721221270343746,15.281105310818825,0.0034798106010799123,,,
CD14+ Monocytes,donor_vs_donor_ctrl,1244|1256,415,390,0.0016652242211567438,0.02543665148074324,15.275211084230888,0.003244070472170987,,,
CD14+ Monocytes,donor_vs_donor_ctrl,1244|1488,415,295,0.0020317514642334616,0.054241196149687906,26.696767348043725,0.0029767503753715917,,,
CD14+ Monocytes,donor_vs_donor_ctrl,1256|1488,390,295,0.0019464912268751648,0.038247804036894276,19.649615425339515,0.0021316629676539816,,,
CD14+ Monocytes,donor_vs_donor_stim,101|1015,253,671,0.0028702228101264906,0.05355351653801161,18.658313336883943,0.004312911436754508,,,
CD14+ Monocytes,donor_vs_donor_stim,101|1016,253,329,0.003242522328872003,0.06921667214638652,21.34655219798143,0.005666245179636636,,,
CD14+ Monocytes,donor_vs_donor_stim,101|1039,253,165,0.0024121326677882292,0.22715565274638616,94.17212236285216,0.015758830431828824,,,
CD14+ Monocytes,donor_vs_donor_stim,101|107,253,169,0.0027194165061151365,0.028646225393066722,10.533960255315844,0.0031691413222573856,,,
CD14+ Monocytes,donor_vs_donor_stim,101|1244,253,290,0.0027241239497367534,0.06704977954690758,24.613336538297737,0.0061361078731793995,,,
CD14+ Monocytes,donor_vs_donor_stim,101|1256,253,375,0.0021115320801269044,0.07407202214430715,35.07975220525912,0.005866670249963921,,,
CD14+ Monocytes,donor_vs_donor_stim,101|1488,253,348,0.003057489478632663,0.034586918902563796,11.312195559224419,0.003881194517375255,,,
CD14+ Monocytes,donor_vs_donor_stim,1015|1016,671,329,0.003728620956818788,0.04490459354271486,12.04321760317168,0.0034930379883203752,,,
CD14+ Monocytes,donor_vs_donor_stim,1015|1039,671,165,0.002056599612217358,0.17994803082213673,87.49784340770282,0.012416276802545985,,,
CD14+ Monocytes,donor_vs_donor_stim,1015|107,671,169,0.002185481565719078,0.04111030123362935,18.81063738009752,0.00400478192226263,,,
CD14+ Monocytes,donor_vs_donor_stim,1015|1244,671,290,0.0015554969261677189,0.07980143598612807,51.302856755066074,0.005043080182094062,,,
CD14+ Monocytes,donor_vs_donor_stim,1015|1256,671,375,0.0011604348626238568,0.09391165623126743,80.92798592669303,0.004327511226266668,,,
CD14+ Monocytes,donor_vs_donor_stim,1015|1488,671,348,0.0010768512677686616,0.03956860734305814,36.74472838300879,0.002149549986737478,,,
CD14+ Monocytes,donor_vs_donor_stim,1016|1039,329,165,0.0033199713331789164,0.20822973631664116,62.72034165947404,0.014225218942610803,,,
CD14+ Monocytes,donor_vs_donor_stim,1016|107,329,169,0.004129379912701558,0.07160826069602105,17.341165552668386,0.005217659762088368,,,
CD14+ Monocytes,donor_vs_donor_stim,1016|1244,329,290,0.002824230259828888,0.08226943514554103,29.129861086654277,0.006289407650480331,,,
CD14+ Monocytes,donor_vs_donor_stim,1016|1256,329,375,0.002892694039510089,0.09067453144393313,31.346049808741576,0.006173038427021729,,,
CD14+ Monocytes,donor_vs_donor_stim,1016|1488,329,348,0.003618608396954052,0.02896901676356946,8.005568325092598,0.00328486457525777,,,
CD14+ Monocytes,donor_vs_donor_stim,1039|107,165,169,0.002555573730246388,0.17369714101053454,67.96796310540728,0.01616304793662518,,,
CD14+ Monocytes,donor_vs_donor_stim,1039|1244,165,290,0.0020434537704772235,0.18118245506950076,88.66481722617479,0.01587857273146315,,,
CD14+ Monocytes,donor_vs_donor_stim,1039|1256,165,375,0.0019314032633007952,0.2743779176095387,142.06143420334863,0.015355503974117005,,,
CD14+ Monocytes,donor_vs_donor_stim,1039|1488,165,348,0.002331814964022137,0.233411232944149,100.09852262957394,0.014503023600360071,,,
CD14+ Monocytes,donor_vs_donor_stim,107|1244,169,290,0.0018724143516488001,0.07567899746210378,40.41786872412231,0.005157248884315596,,,
CD14+ Monocytes,donor_vs_donor_stim,107|1256,169,375,0.002365402727272926,0.06964477103437042,29.44309238818876,0.006724145337811212,,,
CD14+ Monocytes,donor_vs_donor_stim,107|1488,169,348,0.002168272322166143,0.032529953035043836,15.00270639554437,0.0033880337129973096,,,
CD14+ Monocytes,donor_vs_donor_stim,1244|1256,290,375,0.0016845880605227096,0.02453520091272404,14.564510747577678,0.0020415951190844795,,,
CD14+ Monocytes,donor_vs_donor_stim,1244|1488,290,348,0.0017365971499936407,0.04925900991216929,28.365248619894185,0.004746178085928098,,,
CD14+ Monocytes,donor_vs_donor_stim,1256|1488,375,348,0.001328940201927769,0.11670177347071777,87.81566943450837,0.0046473454437427845,,,
CD14+ Monocytes,split_half,101|ctrl,101,101,,,8.2813887370514,,,,
CD14+ Monocytes,split_half,101|ctrl,101,101,,,7.873416680364087,,,,
CD14+ Monocytes,split_half,101|ctrl,101,101,,,8.393145995896502,,,,
CD14+ Monocytes,split_half,101|ctrl,101,101,,,7.448149940687824,,,,
CD14+ Monocytes,split_half,101|ctrl,101,101,,,7.525251706655201,,,,
CD14+ Monocytes,split_half,101|ctrl,101,101,,,7.082546198348573,,,,
CD14+ Monocytes,split_half,101|stim,126,126,,,7.693292752634266,,,,
CD14+ Monocytes,split_half,101|stim,126,126,,,6.0594841710783856,,,,
CD14+ Monocytes,split_half,101|stim,126,126,,,7.160426345898127,,,,
CD14+ Monocytes,split_half,101|stim,126,126,,,6.614341649578574,,,,
CD14+ Monocytes,split_half,101|stim,126,126,,,7.678165274195375,,,,
CD14+ Monocytes,split_half,101|stim,126,126,,,7.283121621570667,,,,
CD14+ Monocytes,split_half,1015|ctrl,389,389,,,29.4836946639955,,,,
CD14+ Monocytes,split_half,1015|ctrl,389,389,,,27.84761944564569,,,,
CD14+ Monocytes,split_half,1015|ctrl,389,389,,,27.131150422490332,,,,
CD14+ Monocytes,split_half,1015|ctrl,389,389,,,29.700566433247143,,,,
CD14+ Monocytes,split_half,1015|ctrl,389,389,,,22.322674962767756,,,,
CD14+ Monocytes,split_half,1015|ctrl,389,389,,,23.53920746383978,,,,
CD14+ Monocytes,split_half,1015|stim,335,335,,,8.073266961660588,,,,
CD14+ Monocytes,split_half,1015|stim,335,335,,,74.07123380184517,,,,
CD14+ Monocytes,split_half,1015|stim,335,335,,,24.37532761014141,,,,
CD14+ Monocytes,split_half,1015|stim,335,335,,,16.204897096368814,,,,
CD14+ Monocytes,split_half,1015|stim,335,335,,,8.187774144626745,,,,
CD14+ Monocytes,split_half,1015|stim,335,335,,,54.39263235246296,,,,
CD14+ Monocytes,split_half,1016|ctrl,184,184,,,8.808541924702523,,,,
CD14+ Monocytes,split_half,1016|ctrl,184,184,,,10.133750864879516,,,,
CD14+ Monocytes,split_half,1016|ctrl,184,184,,,11.668087357012014,,,,
CD14+ Monocytes,split_half,1016|ctrl,184,184,,,10.724450755349496,,,,
CD14+ Monocytes,split_half,1016|ctrl,184,184,,,8.957305353937837,,,,
CD14+ Monocytes,split_half,1016|ctrl,184,184,,,9.29568798043971,,,,
CD14+ Monocytes,split_half,1016|stim,164,164,,,33.69305652250641,,,,
CD14+ Monocytes,split_half,1016|stim,164,164,,,34.439844519943996,,,,
CD14+ Monocytes,split_half,1016|stim,164,164,,,32.47806541903807,,,,
CD14+ Monocytes,split_half,1016|stim,164,164,,,33.261894904273234,,,,
CD14+ Monocytes,split_half,1016|stim,164,164,,,34.33640729267867,,,,
CD14+ Monocytes,split_half,1016|stim,164,164,,,26.12434321291481,,,,
CD14+ Monocytes,split_half,1039|ctrl,63,63,,,7.730657621460549,,,,
CD14+ Monocytes,split_half,1039|ctrl,63,63,,,10.867923199016698,,,,
CD14+ Monocytes,split_half,1039|ctrl,63,63,,,4.979110341385925,,,,
CD14+ Monocytes,split_half,1039|ctrl,63,63,,,7.752427714788777,,,,
CD14+ Monocytes,split_half,1039|ctrl,63,63,,,7.015980187407477,,,,
CD14+ Monocytes,split_half,1039|ctrl,63,63,,,20.097203303497196,,,,
CD14+ Monocytes,split_half,1039|stim,82,82,,,8.947767688063132,,,,
CD14+ Monocytes,split_half,1039|stim,82,82,,,9.836840045111794,,,,
CD14+ Monocytes,split_half,1039|stim,82,82,,,8.355076049380298,,,,
CD14+ Monocytes,split_half,1039|stim,82,82,,,8.897041906616437,,,,
CD14+ Monocytes,split_half,1039|stim,82,82,,,16.191625463905083,,,,
CD14+ Monocytes,split_half,1039|stim,82,82,,,13.174550407493932,,,,
CD14+ Monocytes,split_half,107|ctrl,104,104,,,29.39401238581903,,,,
CD14+ Monocytes,split_half,107|ctrl,104,104,,,26.080785817558283,,,,
CD14+ Monocytes,split_half,107|ctrl,104,104,,,26.257478600008255,,,,
CD14+ Monocytes,split_half,107|ctrl,104,104,,,34.53384044542634,,,,
CD14+ Monocytes,split_half,107|ctrl,104,104,,,41.05538059852056,,,,
CD14+ Monocytes,split_half,107|ctrl,104,104,,,36.355584947304564,,,,
CD14+ Monocytes,split_half,107|stim,84,84,,,6.9190528531233175,,,,
CD14+ Monocytes,split_half,107|stim,84,84,,,7.368632318526293,,,,
CD14+ Monocytes,split_half,107|stim,84,84,,,6.145430866474327,,,,
CD14+ Monocytes,split_half,107|stim,84,84,,,8.525639197139308,,,,
CD14+ Monocytes,split_half,107|stim,84,84,,,9.34250925746207,,,,
CD14+ Monocytes,split_half,107|stim,84,84,,,6.406185880940503,,,,
CD14+ Monocytes,split_half,1244|ctrl,207,207,,,8.064164679396313,,,,
CD14+ Monocytes,split_half,1244|ctrl,207,207,,,7.103528150783002,,,,
CD14+ Monocytes,split_half,1244|ctrl,207,207,,,7.718873905661047,,,,
CD14+ Monocytes,split_half,1244|ctrl,207,207,,,7.154150087218207,,,,
CD14+ Monocytes,split_half,1244|ctrl,207,207,,,6.79465998865576,,,,
CD14+ Monocytes,split_half,1244|ctrl,207,207,,,7.648088435819132,,,,
CD14+ Monocytes,split_half,1244|stim,145,145,,,19.35560579412978,,,,
CD14+ Monocytes,split_half,1244|stim,145,145,,,23.497666929951375,,,,
CD14+ Monocytes,split_half,1244|stim,145,145,,,24.5602582578583,,,,
CD14+ Monocytes,split_half,1244|stim,145,145,,,23.111330702073744,,,,
CD14+ Monocytes,split_half,1244|stim,145,145,,,25.193352350241693,,,,
CD14+ Monocytes,split_half,1244|stim,145,145,,,25.779062288957004,,,,
CD14+ Monocytes,split_half,1256|ctrl,195,195,,,53.18019686832485,,,,
CD14+ Monocytes,split_half,1256|ctrl,195,195,,,43.23178069934636,,,,
CD14+ Monocytes,split_half,1256|ctrl,195,195,,,53.42175407774736,,,,
CD14+ Monocytes,split_half,1256|ctrl,195,195,,,36.20705872237149,,,,
CD14+ Monocytes,split_half,1256|ctrl,195,195,,,52.39720105777378,,,,
CD14+ Monocytes,split_half,1256|ctrl,195,195,,,52.724793704757786,,,,
CD14+ Monocytes,split_half,1256|stim,187,187,,,34.69098288724935,,,,
CD14+ Monocytes,split_half,1256|stim,187,187,,,26.860422329076602,,,,
CD14+ Monocytes,split_half,1256|stim,187,187,,,33.05391089891415,,,,
CD14+ Monocytes,split_half,1256|stim,187,187,,,34.87820877565781,,,,
CD14+ Monocytes,split_half,1256|stim,187,187,,,37.620534198017566,,,,
CD14+ Monocytes,split_half,1256|stim,187,187,,,35.96099124410933,,,,
CD14+ Monocytes,split_half,1488|ctrl,147,147,,,26.92636444197922,,,,
CD14+ Monocytes,split_half,1488|ctrl,147,147,,,13.87448403855284,,,,
CD14+ Monocytes,split_half,1488|ctrl,147,147,,,28.66709838771054,,,,
CD14+ Monocytes,split_half,1488|ctrl,147,147,,,13.204668874641643,,,,
CD14+ Monocytes,split_half,1488|ctrl,147,147,,,9.038486910719437,,,,
CD14+ Monocytes,split_half,1488|ctrl,147,147,,,15.444242814762346,,,,
CD14+ Monocytes,split_half,1488|stim,174,174,,,8.664321754270501,,,,
CD14+ Monocytes,split_half,1488|stim,174,174,,,8.351291740112018,,,,
CD14+ Monocytes,split_half,1488|stim,174,174,,,7.443220190917503,,,,
CD14+ Monocytes,split_half,1488|stim,174,174,,,6.9477458081984755,,,,
CD14+ Monocytes,split_half,1488|stim,174,174,,,6.621587905316693,,,,
CD14+ Monocytes,split_half,1488|stim,174,174,,,7.171253560731838,,,,
CD4 T cells,stim_vs_ctrl,101,293,382,0.0036583715503464144,0.11475183812200522,31.366917368231576,0.0071314860047015614,0.007992007992007992,19.582612024110745,5.162021770837962
CD4 T cells,stim_vs_ctrl,1015,848,734,0.0023487882258759188,0.09984344095476361,42.50849006088219,0.0074588114408003486,0.4985014985014985,52.242343122160875,40.3309427350239
CD4 T cells,stim_vs_ctrl,1016,422,353,0.003395189988950386,0.0880272697549942,25.927052695571714,0.006084105305768993,0.25574425574425574,24.536198905019425,21.44733416859398
CD4 T cells,stim_vs_ctrl,1039,189,281,0.005110279191223971,0.10419145835800726,20.38860392147228,0.007144847547751503,0.0969030969030969,10.957346324807295,8.89188255903556
CD4 T cells,stim_vs_ctrl,107,158,186,0.0059158047152029925,0.13139919459637928,22.211550401367585,0.009981320565186748,1.0,53.214852071276894,6.415845914665499
CD4 T cells,stim_vs_ctrl,1244,1068,854,0.0027714832343377184,0.09797934675118493,35.35267525246219,0.0063283362302497224,0.26973026973026976,31.424392100441736,33.97966011599814
CD4 T cells,stim_vs_ctrl,1256,1001,954,0.0024252795136248655,0.08620031327778382,35.54242420039549,0.005679878054865483,0.34165834165834164,32.58949923511915,35.55669959485272
CD4 T cells,stim_vs_ctrl,1488,1182,1484,0.002323211425409896,0.09925529523115907,42.723315728204525,0.006272933581169576,0.3276723276723277,44.91894466205145,37.613570777945135
CD4 T cells,donor_vs_donor_ctrl,101|1015,293,848,0.002108906974282686,0.034275981426368965,16.252960345976113,0.0017028717034289357,,,
CD4 T cells,donor_vs_donor_ctrl,101|1016,293,422,0.003004443719340239,0.021639394365035668,7.202462880478777,0.0016279220904978488,,,
CD4 T cells,donor_vs_donor_ctrl,101|1039,293,189,0.0030133069100161487,0.17406509938119114,57.76547314268041,0.007645617470667492,,,
CD4 T cells,donor_vs_donor_ctrl,101|107,293,158,0.00353046009136473,0.059121315061298224,16.746065252487917,0.002214728742845797,,,
CD4 T cells,donor_vs_donor_ctrl,101|1244,293,1068,0.0022778257541224024,0.02664789062059967,11.698827521100943,0.0022773825043504617,,,
CD4 T cells,donor_vs_donor_ctrl,101|1256,293,1001,0.0023463761349871285,0.04695844175686002,20.013177366005568,0.0027540626339201723,,,
CD4 T cells,donor_vs_donor_ctrl,101|1488,293,1182,0.0025962253602928734,0.03639245430942994,14.017448125275457,0.002712841124791059,,,
CD4 T cells,donor_vs_donor_ctrl,1015|1016,848,422,0.002492477823127109,0.04748217709148059,19.050190397244364,0.00212765664493023,,,
CD4 T cells,donor_vs_donor_ctrl,1015|1039,848,189,0.0026606328174489744,0.20212920424494787,75.97034920389736,0.009975671182848499,,,
CD4 T cells,donor_vs_donor_ctrl,1015|107,848,158,0.0033340530779781183,0.022074579042895868,6.6209440961517725,0.0022321161484855296,,,
CD4 T cells,donor_vs_donor_ctrl,1015|1244,848,1068,0.002395701889910748,0.02381130383070664,9.93917646055442,0.002566940180054657,,,
CD4 T cells,donor_vs_donor_ctrl,1015|1256,848,1001,0.001918426823624643,0.043249836271323144,22.54442845498148,0.0029354009111945355,,,
CD4 T cells,donor_vs_donor_ctrl,1015|1488,848,1182,0.002506017554992668,0.040168682092171525,16.028890943778347,0.0038214409890591676,,,
CD4 T cells,donor_vs_donor_ctrl,1016|1039,422,189,0.003666017164311113,0.14243669785265242,38.85325449080867,0.007423539476687703,,,
CD4 T cells,donor_vs_donor_ctrl,1016|107,422,158,0.004311414976126479,0.05916570011022382,13.723035346363316,0.003343371188231352,,,
CD4 T cells,donor_vs_donor_ctrl,1016|1244,422,1068,0.0034441675220812495,0.030990858754938077,8.998069506273856,0.002966604042239514,,,
CD4 T cells,donor_vs_donor_ctrl,1016|1256,422,1001,0.002763050836561495,0.028651697140358326,10.369587399996666,0.002468860588025079,,,
CD4 T cells,donor_vs_donor_ctrl,1016|1488,422,1182,0.003699146905359509,0.03113236265655194,8.416092535131767,0.0031078290986167527,,,
CD4 T cells,donor_vs_donor_ctrl,1039|107,189,158,0.0037890586692397215,0.32078458625948275,84.66075990421349,0.01033615153397486,,,
CD4 T cells,donor_vs_donor_ctrl,1039|1244,189,1068,0.0026710308804181976,0.22277722474811001,83.4049603774069,0.008611855240467207,,,
CD4 T cells,donor_vs_donor_ctrl,1039|1256,189,1001,0.002510252342909127,0.15055775696257512,59.97714030139854,0.007790068705389752,,,
CD4 T cells,donor_vs_donor_ctrl,1039|1488,189,1182,0.0029950510611862005,0.13060349401864146,43.606433196139065,0.007141943175229402,,,
CD4 T cells,donor_vs_donor_ctrl,107|1244,158,1068,0.0025990616633699776,0.03954432114641965,15.214845305034418,0.001963016429537174,,,
CD4 T cells,donor_vs_donor_ctrl,107|1256,158,1001,0.0029380940265712387,0.05468698159133187,18.61308082612716,0.002857948764021071,,,
CD4 T cells,donor_vs_donor_ctrl,107|1488,158,1182,0.0028106597603955387,0.05716158285732443,20.337425277430302,0.0029427669761156044,,,
CD4 T cells,donor_vs_donor_ctrl,1244|1256,1068,1001,0.0011756155981849674,0.018417783237137206,15.666501248854146,0.0010332079731543787,,,
CD4 T cells,donor_vs_donor_ctrl,1244|1488,1068,1182,0.0009186331487264933,0.02721731269759771,29.628054175194126,0.0011921339018062713,,,
CD4 T cells,donor_vs_donor_ctrl,1256|1488,1001,1182,0.0013329535828973645,0.01708599009445322,12.818143342481878,0.0010512575802592587,,,
CD4 T cells,donor_vs_donor_stim,101|1015,382,734,0.001726040562161797,0.05376743624267841,31.150737370468764,0.0024806947657582024,,,
CD4 T cells,donor_vs_donor_stim,101|1016,382,353,0.0030571474052455707,0.04123996700097293,13.489688763522432,0.0025687992775919838,,,
CD4 T cells,donor_vs_donor_stim,101|1039,382,281,0.002476430013573498,0.29181096538810203,117.83533707339367,0.013285544460757323,,,
CD4 T cells,donor_vs_donor_stim,101|107,382,186,0.002715468123510263,0.11728780677418382,43.192481531533076,0.003916789026298187,,,
CD4 T cells,donor_vs_donor_stim,101|1244,382,854,0.002260624670428402,0.06974827007119191,30.85353839740862,0.00376825477264966,,,
CD4 T cells,donor_vs_donor_stim,101|1256,382,954,0.0021636468924530246,0.0762931071026551,35.26134849857971,0.0040890967027954,,,
CD4 T cells,donor_vs_donor_stim,101|1488,382,1484,0.0021757928817140405,0.05586223401790519,25.674426314832957,0.0034102505168292618,,,
CD4 T cells,donor_vs_donor_stim,1015|1016,734,353,0.0029912955270589067,0.03558474939860802,11.896099558439671,0.002093807450675938,,,
CD4 T cells,donor_vs_donor_stim,1015|1039,734,281,0.0021227542626026316,0.10558375464406225,49.73903786423675,0.008260464136574771,,,
CD4 T cells,donor_vs_donor_stim,1015|107,734,186,0.002763353406892774,0.029580797916047456,10.704674198480207,0.0024082762181993427,,,
CD4 T cells,donor_vs_donor_stim,1015|1244,734,854,0.0025939214534572144,0.03645658545469534,14.054621972498627,0.0032736447610182996,,,
CD4 T cells,donor_vs_donor_stim,1015|1256,734,954,0.0020986054508942966,0.0495847012273188,23.627452795468937,0.003450924660618511,,,
CD4 T cells,donor_vs_donor_stim,1015|1488,734,1484,0.0025117587947231903,0.042264886487493894,16.826809395984107,0.004178285350471634,,,
CD4 T cells,donor_vs_donor_stim,1016|1039,353,281,0.002632922272918934,0.1927695387620667,73.21505110303039,0.009627587477055367,,,
CD4 T cells,donor_vs_donor_stim,1016|107,353,186,0.00329812261536063,0.052164323671145464,15.816368811819206,0.0027535473751954184,,,
CD4 T cells,donor_vs_donor_stim,1016|1244,353,854,0.003658377071466318,0.03357614034087746,9.177878519619021,0.002969874532983057,,,
CD4 T cells,donor_vs_donor_stim,1016|1256,353,954,0.0033432996640541408,0.03522390357693329,10.535670480168744,0.00277682664404085,,,
CD4 T cells,donor_vs_donor_stim,1016|1488,353,1484,0.003945830223504763,0.03350283946935996,8.490694624869613,0.003390475630044529,,,
CD4 T cells,donor_vs_donor_stim,1039|107,281,186,0.0033122452983607043,0.11830994908192767,35.71895751213885,0.006145285907735849,,,
CD4 T cells,donor_vs_donor_stim,1039|1244,281,854,0.002836152352203705,0.1428560883441302,50.369680681339375,0.009479928170067287,,,
CD4 T cells,donor_vs_donor_stim,1039|1256,281,954,0.002472165995156239,0.15463328285624223,62.549716790546476,0.00980586057661055,,,
CD4 T cells,donor_vs_donor_stim,1039|1488,281,1484,0.0035896081879537947,0.13347606751351532,37.18402135404128,0.01217043578708127,,,
CD4 T cells,donor_vs_donor_stim,107|1244,186,854,0.003537200435912713,0.04270037827500689,12.07180058033347,0.0031341600528200187,,,
CD4 T cells,donor_vs_donor_stim,107|1256,186,954,0.0032079090317747947,0.05461345692313843,17.024627688062342,0.003553576135734369,,,
CD4 T cells,donor_vs_donor_stim,107|1488,186,1484,0.0032573507739894784,0.05828581055950778,17.89362417610356,0.003810026944343257,,,
CD4 T cells,donor_vs_donor_stim,1244|1256,854,954,0.000981403576137289,0.01452301004877988,14.798203717517584,0.0007757637570640968,,,
CD4 T cells,donor_vs_donor_stim,1244|1488,854,1484,0.0014295698744492137,0.02622882826771767,18.347356597608176,0.001278634318729613,,,
CD4 T cells,donor_vs_donor_stim,1256|1488,954,1484,0.0013201638500891194,0.019581816836372876,14.83286853753114,0.0010947361254871582,,,
CD4 T cells,split_half,101|ctrl,146,146,,,16.830300147507348,,,,
CD4 T cells,split_half,101|ctrl,146,146,,,31.817696654141464,,,,
CD4 T cells,split_half,101|ctrl,146,146,,,23.391948494090357,,,,
CD4 T cells,split_half,101|ctrl,146,146,,,26.00845032667714,,,,
CD4 T cells,split_half,101|ctrl,146,146,,,15.193930556363307,,,,
CD4 T cells,split_half,101|ctrl,146,146,,,13.55782845180291,,,,
CD4 T cells,split_half,101|stim,191,191,,,6.6980253293198215,,,,
CD4 T cells,split_half,101|stim,191,191,,,6.062649543241303,,,,
CD4 T cells,split_half,101|stim,191,191,,,6.74284294377165,,,,
CD4 T cells,split_half,101|stim,191,191,,,6.398670281049309,,,,
CD4 T cells,split_half,101|stim,191,191,,,8.158912897736252,,,,
CD4 T cells,split_half,101|stim,191,191,,,6.224555864713503,,,,
CD4 T cells,split_half,1015|ctrl,424,424,,,7.4739615457411235,,,,
CD4 T cells,split_half,1015|ctrl,424,424,,,7.630074210401151,,,,
CD4 T cells,split_half,1015|ctrl,424,424,,,7.157005181182713,,,,
CD4 T cells,split_half,1015|ctrl,424,424,,,5.9161995554298645,,,,
CD4 T cells,split_half,1015|ctrl,424,424,,,6.790512002956842,,,,
CD4 T cells,split_half,1015|ctrl,424,424,,,7.7763101496643445,,,,
CD4 T cells,split_half,1015|stim,367,367,,,112.9047631839405,,,,
CD4 T cells,split_half,1015|stim,367,367,,,21.53001745051357,,,,
CD4 T cells,split_half,1015|stim,367,367,,,22.090882729528744,,,,
CD4 T cells,split_half,1015|stim,367,367,,,59.97648811192152,,,,
CD4 T cells,split_half,1015|stim,367,367,,,107.92391754868196,,,,
CD4 T cells,split_half,1015|stim,367,367,,,18.567926787926982,,,,
CD4 T cells,split_half,1016|ctrl,211,211,,,40.40311073196347,,,,
CD4 T cells,split_half,1016|ctrl,211,211,,,29.86343880684413,,,,
CD4 T cells,split_half,1016|ctrl,211,211,,,7.336729621566641,,,,
CD4 T cells,split_half,1016|ctrl,211,211,,,28.824984310761877,,,,
CD4 T cells,split_half,1016|ctrl,211,211,,,6.779922369813412,,,,
CD4 T cells,split_half,1016|ctrl,211,211,,,39.411700616726534,,,,
CD4 T cells,split_half,1016|stim,176,176,,,27.931581693747283,,,,
CD4 T cells,split_half,1016|stim,176,176,,,30.91771709773595,,,,
CD4 T cells,split_half,1016|stim,176,176,,,29.265762400131887,,,,
CD4 T cells,split_half,1016|stim,176,176,,,33.095041214763505,,,,
CD4 T cells,split_half,1016|stim,176,176,,,29.718829348248878,,,,
CD4 T cells,split_half,1016|stim,176,176,,,29.58563667458874,,,,
CD4 T cells,split_half,1039|ctrl,94,94,,,27.27162995718349,,,,
CD4 T cells,split_half,1039|ctrl,94,94,,,6.0111075369419495,,,,
CD4 T cells,split_half,1039|ctrl,94,94,,,7.209074123026035,,,,
CD4 T cells,split_half,1039|ctrl,94,94,,,6.701040540317615,,,,
CD4 T cells,split_half,1039|ctrl,94,94,,,14.412259755081385,,,,
CD4 T cells,split_half,1039|ctrl,94,94,,,7.525195413743744,,,,
CD4 T cells,split_half,1039|stim,140,140,,,8.122004226994083,,,,
CD4 T cells,split_half,1039|stim,140,140,,,8.677380323332308,,,,
CD4 T cells,split_half,1039|stim,140,140,,,12.144800760271501,,,,
CD4 T cells,split_half,1039|stim,140,140,,,5.262449840401449,,,,
CD4 T cells,split_half,1039|stim,140,140,,,7.2615283141582685,,,,
CD4 T cells,split_half,1039|stim,140,140,,,9.215990944524426,,,,
CD4 T cells,split_half,107|ctrl,79,79,,,7.116549450325793,,,,
CD4 T cells,split_half,107|ctrl,79,79,,,6.405834776319428,,,,
CD4 T cells,split_half,107|ctrl,79,79,,,7.131742968216559,,,,
CD4 T cells,split_half,107|ctrl,79,79,,,5.857385115970169,,,,
CD4 T cells,split_half,107|ctrl,79,79,,,7.006569939213935,,,,
CD4 T cells,split_half,107|ctrl,79,79,,,6.338808117287968,,,,
CD4 T cells,split_half,107|stim,93,93,,,47.33274865751978,,,,
CD4 T cells,split_half,107|stim,93,93,,,49.73546083241537,,,,
CD4 T cells,split_half,107|stim,93,93,,,47.149276744799074,,,,
CD4 T cells,split_half,107|stim,93,93,,,45.31855897268682,,,,
CD4 T cells,split_half,107|stim,93,93,,,54.12500952906192,,,,
CD4 T cells,split_half,107|stim,93,93,,,48.64723532239639,,,,
CD4 T cells,split_half,1244|ctrl,534,534,,,31.473819552332973,,,,
CD4 T cells,split_half,1244|ctrl,534,534,,,37.19078710134125,,,,
CD4 T cells,split_half,1244|ctrl,534,534,,,37.957357735307006,,,,
CD4 T cells,split_half,1244|ctrl,534,534,,,42.29257760974505,,,,
CD4 T cells,split_half,1244|ctrl,534,534,,,40.208824795302114,,,,
CD4 T cells,split_half,1244|ctrl,534,534,,,34.074203993555564,,,,
CD4 T cells,split_half,1244|stim,427,427,,,16.550267256263172,,,,
CD4 T cells,split_half,1244|stim,427,427,,,9.003880507694785,,,,
CD4 T cells,split_half,1244|stim,427,427,,,10.200700312279597,,,,
CD4 T cells,split_half,1244|stim,427,427,,,7.530672513796833,,,,
CD4 T cells,split_half,1244|stim,427,427,,,7.712579129878147,,,,
CD4 T cells,split_half,1244|stim,427,427,,,7.365261508669247,,,,
CD4 T cells,split_half,1256|ctrl,500,500,,,8.379754211582103,,,,
CD4 T cells,split_half,1256|ctrl,500,500,,,67.05767451375225,,,,
CD4 T cells,split_half,1256|ctrl,500,500,,,7.661261704964567,,,,
CD4 T cells,split_half,1256|ctrl,500,500,,,61.51588406200213,,,,
CD4 T cells,split_half,1256|ctrl,500,500,,,68.58066541259491,,,,
CD4 T cells,split_half,1256|ctrl,500,500,,,9.75774945441777,,,,
CD4 T cells,split_half,1256|stim,477,477,,,91.47750854984274,,,,
CD4 T cells,split_half,1256|stim,477,477,,,74.45341791050562,,,,
CD4 T cells,split_half,1256|stim,477,477,,,89.29916493822698,,,,
CD4 T cells,split_half,1256|stim,477,477,,,19.325309345739907,,,,
CD4 T cells,split_half,1256|stim,477,477,,,8.55673505457849,,,,
CD4 T cells,split_half,1256|stim,477,477,,,9.2187823067505,,,,
CD4 T cells,split_half,1488|ctrl,591,591,,,42.70954629265429,,,,
CD4 T cells,split_half,1488|ctrl,591,591,,,36.48495877548177,,,,
CD4 T cells,split_half,1488|ctrl,591,591,,,96.50248903214295,,,,
CD4 T cells,split_half,1488|ctrl,591,591,,,30.422882554495583,,,,
CD4 T cells,split_half,1488|ctrl,591,591,,,166.73618181872322,,,,
CD4 T cells,split_half,1488|ctrl,591,591,,,35.124251138037934,,,,
CD4 T cells,split_half,1488|stim,742,742,,,19.55730625661277,,,,
CD4 T cells,split_half,1488|stim,742,742,,,49.07455171258833,,,,
CD4 T cells,split_half,1488|stim,742,742,,,6.494679497032686,,,,
CD4 T cells,split_half,1488|stim,742,742,,,8.528711257623474,,,,
CD4 T cells,split_half,1488|stim,742,742,,,22.787649261997664,,,,
CD4 T cells,split_half,1488|stim,742,742,,,62.141013005364606,,,,
CD8 T cells,stim_vs_ctrl,101,74,105,0.010453925303086975,0.36005659411394275,34.44223903222461,0.013397430387775938,0.3886113886113886,32.69967002045417,4.408047865107478
CD8 T cells,stim_vs_ctrl,1015,179,133,0.0060577372536243426,0.15913096054445924,26.269043024150847,0.00791703652436268,0.5124875124875125,31.367605781943222,23.722315336396502
CD8 T cells,stim_vs_ctrl,1016,536,489,0.0038920897099145317,0.12281887091693955,31.55602261789505,0.00704017007371791,0.000999000999000999,11.114285770193497,0.9289101584922668
CD8 T cells,stim_vs_ctrl,1256,131,112,0.00803845180603241,0.16740633297753477,20.82569343165131,0.008990953935978,0.000999000999000999,7.03010976623034,0.49444499489086136
CD8 T cells,donor_vs_donor_ctrl,101|1015,74,179,0.008333556083141555,0.07888835635120824,9.466349726834643,0.004898369037787254,,,
CD8 T cells,donor_vs_donor_ctrl,101|1016,74,536,0.007141543721684655,0.23002344749769021,32.20920524497311,0.011225223759171978,,,
CD8 T cells,donor_vs_donor_ctrl,101|1256,74,131,0.00879307108293799,0.21026670171634188,23.91277174187092,0.010570780131473712,,,
CD8 T cells,donor_vs_donor_ctrl,1015|1016,179,536,0.003506097035874188,0.11390015552412419,32.48631009316177,0.004902881935366603,,,
CD8 T cells,donor_vs_donor_ctrl,1015|1256,179,131,0.0054937787129797555,0.1298877912466332,23.642705327711262,0.0047085112595768065,,,
CD8 T cells,donor_vs_donor_ctrl,1016|1256,536,131,0.004174038332080625,0.02685186775754281,6.433066881817066,0.002240122740500167,,,
CD8 T cells,donor_vs_donor_stim,101|1015,105,133,0.006100361736839726,0.09488531000544442,15.554046480954993,0.005472838672480461,,,
CD8 T cells,donor_vs_donor_stim,101|1016,105,489,0.00539654509836229,0.09658251769384003,17.897101929742107,0.0059943077963086466,,,
CD8 T cells,donor_vs_donor_stim,101|1256,105,112,0.008441598205404202,0.11270797181399017,13.351496845921426,0.006983131412035487,,,
CD8 T cells,donor_vs_donor_stim,1015|1016,133,489,0.0034608970980868157,0.09913633220389068,28.64469222696429,0.004708199064680103,,,
CD8 T cells,donor_vs_donor_stim,1015|1256,133,112,0.006049355340688133,0.1086258357633848,17.956596967079186,0.0053865646853412386,,,
CD8 T cells,donor_vs_donor_stim,1016|1256,489,112,0.004716788712525276,0.03350314414545256,7.10295630933946,0.0020281075514052725,,,
CD8 T cells,split_half,101|ctrl,37,37,,,22.130134187134612,,,,
CD8 T cells,split_half,101|ctrl,37,37,,,25.971515511640096,,,,
CD8 T cells,split_half,101|ctrl,37,37,,,25.84064748672074,,,,
CD8 T cells,split_half,101|ctrl,37,37,,,24.094512019448562,,,,
CD8 T cells,split_half,101|ctrl,37,37,,,22.29407592863164,,,,
CD8 T cells,split_half,101|ctrl,37,37,,,23.30363320365324,,,,
CD8 T cells,split_half,101|stim,52,52,,,5.898258021334077,,,,
CD8 T cells,split_half,101|stim,52,52,,,6.239599864430025,,,,
CD8 T cells,split_half,101|stim,52,52,,,6.847197507368332,,,,
CD8 T cells,split_half,101|stim,52,52,,,7.287753920877335,,,,
CD8 T cells,split_half,101|stim,52,52,,,6.131602586997466,,,,
CD8 T cells,split_half,101|stim,52,52,,,5.840186143110401,,,,
CD8 T cells,split_half,1015|ctrl,89,89,,,30.055475865786402,,,,
CD8 T cells,split_half,1015|ctrl,89,89,,,35.63634017673476,,,,
CD8 T cells,split_half,1015|ctrl,89,89,,,32.041810956707124,,,,
CD8 T cells,split_half,1015|ctrl,89,89,,,32.218169055412666,,,,
CD8 T cells,split_half,1015|ctrl,89,89,,,35.409739477572735,,,,
CD8 T cells,split_half,1015|ctrl,89,89,,,33.803269654545616,,,,
CD8 T cells,split_half,1015|stim,66,66,,,26.93581032163104,,,,
CD8 T cells,split_half,1015|stim,66,66,,,25.102604095939693,,,,
CD8 T cells,split_half,1015|stim,66,66,,,28.631430306242127,,,,
CD8 T cells,split_half,1015|stim,66,66,,,27.34671907200802,,,,
CD8 T cells,split_half,1015|stim,66,66,,,29.732978426232847,,,,
CD8 T cells,split_half,1015|stim,66,66,,,27.665049138581086,,,,
CD8 T cells,split_half,1016|ctrl,268,268,,,6.568731865510349,,,,
CD8 T cells,split_half,1016|ctrl,268,268,,,6.264120319901551,,,,
CD8 T cells,split_half,1016|ctrl,268,268,,,6.528525065020664,,,,
CD8 T cells,split_half,1016|ctrl,268,268,,,7.379012577754759,,,,
CD8 T cells,split_half,1016|ctrl,268,268,,,6.689388989170338,,,,
CD8 T cells,split_half,1016|ctrl,268,268,,,6.4428095981932145,,,,
CD8 T cells,split_half,1016|stim,244,244,,,12.33432533760248,,,,
CD8 T cells,split_half,1016|stim,244,244,,,10.525290521162011,,,,
CD8 T cells,split_half,1016|stim,244,244,,,13.886714509432931,,,,
CD8 T cells,split_half,1016|stim,244,244,,,11.387991164780898,,,,
CD8 T cells,split_half,1016|stim,244,244,,,13.411110825697742,,,,
CD8 T cells,split_half,1016|stim,244,244,,,11.41083940218955,,,,
CD8 T cells,split_half,1244|ctrl,29,29,,,25.35555487315071,,,,
CD8 T cells,split_half,1244|ctrl,29,29,,,23.53881560243329,,,,
CD8 T cells,split_half,1244|ctrl,29,29,,,25.727772086240336,,,,
CD8 T cells,split_half,1244|ctrl,29,29,,,25.27010124665559,,,,
CD8 T cells,split_half,1244|ctrl,29,29,,,22.928257664275375,,,,
CD8 T cells,split_half,1244|ctrl,29,29,,,24.882214589551,,,,
CD8 T cells,split_half,1256|ctrl,65,65,,,6.5521421251877765,,,,
CD8 T cells,split_half,1256|ctrl,65,65,,,6.2544903123062925,,,,
CD8 T cells,split_half,1256|ctrl,65,65,,,5.906888964084809,,,,
CD8 T cells,split_half,1256|ctrl,65,65,,,5.8964327625150235,,,,
CD8 T cells,split_half,1256|ctrl,65,65,,,7.188371481586363,,,,
CD8 T cells,split_half,1256|ctrl,65,65,,,6.925040440270592,,,,
CD8 T cells,split_half,1256|stim,56,56,,,6.904204770171922,,,,
CD8 T cells,split_half,1256|stim,56,56,,,6.252230810361959,,,,
CD8 T cells,split_half,1256|stim,56,56,,,7.247523644882967,,,,
CD8 T cells,split_half,1256|stim,56,56,,,5.671732560475238,,,,
CD8 T cells,split_half,1256|stim,56,56,,,6.649055391450624,,,,
CD8 T cells,split_half,1256|stim,56,56,,,6.703647776324265,,,,
CD8 T cells,split_half,1488|ctrl,29,29,,,6.9335466876603435,,,,
CD8 T cells,split_half,1488|ctrl,29,29,,,5.839055465908474,,,,
CD8 T cells,split_half,1488|ctrl,29,29,,,6.859940598399046,,,,
CD8 T cells,split_half,1488|ctrl,29,29,,,6.417990710781393,,,,
CD8 T cells,split_half,1488|ctrl,29,29,,,6.292408387774417,,,,
CD8 T cells,split_half,1488|ctrl,29,29,,,5.532819170098512,,,,
FCGR3A+ Monocytes,stim_vs_ctrl,101,80,144,0.008785072902598876,0.23496295513083296,26.745703505923576,0.025709326132273523,0.000999000999000999,8.74205242319038,1.6530326804229787
FCGR3A+ Monocytes,stim_vs_ctrl,1015,252,228,0.009617738005344007,0.2531529330550655,26.321462792436577,0.03037686154771893,0.5004995004995005,37.42505830103948,32.948456142412795
FCGR3A+ Monocytes,stim_vs_ctrl,1016,115,128,0.00806829256722102,0.22412136600544735,27.778041529627128,0.022326121534186314,0.9660339660339661,42.283803614393506,7.16082794002804
FCGR3A+ Monocytes,stim_vs_ctrl,1256,69,97,0.009501133756713732,0.29915039053449854,31.485757194304483,0.03129877880532113,0.6693306693306693,35.59759691540733,8.070881932872496
FCGR3A+ Monocytes,stim_vs_ctrl,1488,101,144,0.009462374100168681,0.26401447911911613,27.901505089976276,0.027920287369313294,0.000999000999000999,8.495071294692513,1.3965074256059842
FCGR3A+ Monocytes,donor_vs_donor_ctrl,101|1015,80,252,0.0028510758876413647,0.05591713686495378,19.61264416262622,0.003931998403402699,,,
FCGR3A+ Monocytes,donor_vs_donor_ctrl,101|1016,80,115,0.0036208574682458153,0.09353574848514667,25.832485621275126,0.005192218829265417,,,
FCGR3A+ Monocytes,donor_vs_donor_ctrl,101|1256,80,69,0.004208407334788379,0.11065232205269238,26.293158729668583,0.006387388047319592,,,
FCGR3A+ Monocytes,donor_vs_donor_ctrl,101|1488,80,101,0.0036405583152507755,0.05145626015387681,14.13416726174109,0.0027881554189695514,,,
FCGR3A+ Monocytes,donor_vs_donor_ctrl,1015|1016,252,115,0.0031653157687348797,0.064248110049523,20.297535773248246,0.004314346920411982,,,
FCGR3A+ Monocytes,donor_vs_donor_ctrl,1015|1256,252,69,0.0032355406340404003,0.09275629500703475,28.66794316571595,0.0035815524794997225,,,
FCGR3A+ Monocytes,donor_vs_donor_ctrl,1015|1488,252,101,0.002692745530601881,0.04580343892340889,17.009939633312076,0.00386161635412282,,,
FCGR3A+ Monocytes,donor_vs_donor_ctrl,1016|1256,115,69,0.004172431448300122,0.0558921461548154,13.395581652416665,0.004175574650425264,,,
FCGR3A+ Monocytes,donor_vs_donor_ctrl,1016|1488,115,101,0.0039463878845571974,0.09539353330643185,24.17236624907575,0.0055750085123250515,,,
FCGR3A+ Monocytes,donor_vs_donor_ctrl,1256|1488,69,101,0.003963748544334841,0.1269489841810636,32.02750698262747,0.005444906922995667,,,
FCGR3A+ Monocytes,donor_vs_donor_stim,101|1015,144,228,0.0026867624780909137,0.07090284938501576,26.38969762425593,0.0049204713763355504,,,
FCGR3A+ Monocytes,donor_vs_donor_stim,101|1016,144,128,0.0028258701139897346,0.03518867596655711,12.45233310347573,0.0024484388767671045,,,
FCGR3A+ Monocytes,donor_vs_donor_stim,101|1256,144,97,0.0025933088872762524,0.06575701602048378,25.35641486562299,0.004251259432307275,,,
FCGR3A+ Monocytes,donor_vs_donor_stim,101|1488,144,144,0.002884402128023494,0.025615460387299935,8.880682807169006,0.0021510659145062925,,,
FCGR3A+ Monocytes,donor_vs_donor_stim,1015|1016,228,128,0.0031504526683894347,0.07820351341276187,24.82294503181374,0.0057767065079272865,,,
FCGR3A+ Monocytes,donor_vs_donor_stim,1015|1256,228,97,0.003170885998256113,0.10553180622026873,33.28148860549003,0.0059082342388917675,,,
FCGR3A+ Monocytes,donor_vs_donor_stim,1015|1488,228,144,0.002500275817853986,0.08946089271764239,35.78040953674769,0.005309227502954533,,,
FCGR3A+ Monocytes,donor_vs_donor_stim,1016|1256,128,97,0.0035614892567205703,0.07661606199470522,21.512366448987553,0.005018101923265633,,,
FCGR3A+ Monocytes,donor_vs_donor_stim,1016|1488,128,144,0.0031810854072148744,0.04093244504814486,12.86744610984284,0.002724052007911048,,,
FCGR3A+ Monocytes,donor_vs_donor_stim,1256|1488,97,144,0.0031549862146793284,0.07573262626331329,24.004106867709634,0.004776808056175518,,,
FCGR3A+ Monocytes,split_half,101|ctrl,40,40,,,7.626978324326942,,,,
FCGR3A+ Monocytes,split_half,101|ctrl,40,40,,,4.726117756358681,,,,
FCGR3A+ Monocytes,split_half,101|ctrl,40,40,,,7.812653349511803,,,,
FCGR3A+ Monocytes,split_half,101|ctrl,40,40,,,6.825299696289975,,,,
FCGR3A+ Monocytes,split_half,101|ctrl,40,40,,,6.243294403918815,,,,
FCGR3A+ Monocytes,split_half,101|ctrl,40,40,,,6.7424551231381065,,,,
FCGR3A+ Monocytes,split_half,101|stim,72,72,,,8.231493496944363,,,,
FCGR3A+ Monocytes,split_half,101|stim,72,72,,,7.8498254336759,,,,
FCGR3A+ Monocytes,split_half,101|stim,72,72,,,8.026420350580505,,,,
FCGR3A+ Monocytes,split_half,101|stim,72,72,,,10.289181755625167,,,,
FCGR3A+ Monocytes,split_half,101|stim,72,72,,,9.623297573400146,,,,
FCGR3A+ Monocytes,split_half,101|stim,72,72,,,9.57622101634658,,,,
FCGR3A+ Monocytes,split_half,1015|ctrl,126,126,,,22.34592288391158,,,,
FCGR3A+ Monocytes,split_half,1015|ctrl,126,126,,,21.438214485851237,,,,
FCGR3A+ Monocytes,split_half,1015|ctrl,126,126,,,23.03607798164066,,,,
FCGR3A+ Monocytes,split_half,1015|ctrl,126,126,,,20.335830634046836,,,,
FCGR3A+ Monocytes,split_half,1015|ctrl,126,126,,,20.74128915296441,,,,
FCGR3A+ Monocytes,split_half,1015|ctrl,126,126,,,22.055260392026163,,,,
FCGR3A+ Monocytes,split_half,1015|stim,114,114,,,9.163163906678276,,,,
FCGR3A+ Monocytes,split_half,1015|stim,114,114,,,59.19388887468975,,,,
FCGR3A+ Monocytes,split_half,1015|stim,114,114,,,10.480854007570565,,,,
FCGR3A+ Monocytes,split_half,1015|stim,114,114,,,58.8254868907005,,,,
FCGR3A+ Monocytes,split_half,1015|stim,114,114,,,62.31355944169113,,,,
FCGR3A+ Monocytes,split_half,1015|stim,114,114,,,78.50810466756059,,,,
FCGR3A+ Monocytes,split_half,1016|ctrl,57,57,,,38.67764267982765,,,,
FCGR3A+ Monocytes,split_half,1016|ctrl,57,57,,,43.911922141287135,,,,
FCGR3A+ Monocytes,split_half,1016|ctrl,57,57,,,35.51350721985229,,,,
FCGR3A+ Monocytes,split_half,1016|ctrl,57,57,,,44.62499172955947,,,,
FCGR3A+ Monocytes,split_half,1016|ctrl,57,57,,,44.514635130102945,,,,
FCGR3A+ Monocytes,split_half,1016|ctrl,57,57,,,43.424865430739395,,,,
FCGR3A+ Monocytes,split_half,1016|stim,64,64,,,6.1405586435577275,,,,
FCGR3A+ Monocytes,split_half,1016|stim,64,64,,,8.559253338846444,,,,
FCGR3A+ Monocytes,split_half,1016|stim,64,64,,,9.13857817083122,,,,
FCGR3A+ Monocytes,split_half,1016|stim,64,64,,,6.745302979693873,,,,
FCGR3A+ Monocytes,split_half,1016|stim,64,64,,,7.301151138629138,,,,
FCGR3A+ Monocytes,split_half,1016|stim,64,64,,,7.612909301661545,,,,
FCGR3A+ Monocytes,split_half,1244|ctrl,28,28,,,9.565598020395553,,,,
FCGR3A+ Monocytes,split_half,1244|ctrl,28,28,,,7.9745570717261955,,,,
FCGR3A+ Monocytes,split_half,1244|ctrl,28,28,,,8.67262481032011,,,,
FCGR3A+ Monocytes,split_half,1244|ctrl,28,28,,,7.461371936511158,,,,
FCGR3A+ Monocytes,split_half,1244|ctrl,28,28,,,9.623367518979354,,,,
FCGR3A+ Monocytes,split_half,1244|ctrl,28,28,,,11.857103615486066,,,,
FCGR3A+ Monocytes,split_half,1256|ctrl,34,34,,,39.582901265401844,,,,
FCGR3A+ Monocytes,split_half,1256|ctrl,34,34,,,41.19288427567109,,,,
FCGR3A+ Monocytes,split_half,1256|ctrl,34,34,,,40.52985073051403,,,,
FCGR3A+ Monocytes,split_half,1256|ctrl,34,34,,,38.17657659458378,,,,
FCGR3A+ Monocytes,split_half,1256|ctrl,34,34,,,44.57435042712024,,,,
FCGR3A+ Monocytes,split_half,1256|ctrl,34,34,,,41.049104724484124,,,,
FCGR3A+ Monocytes,split_half,1256|stim,48,48,,,11.00924322340573,,,,
FCGR3A+ Monocytes,split_half,1256|stim,48,48,,,8.813889581885563,,,,
FCGR3A+ Monocytes,split_half,1256|stim,48,48,,,7.27120412434474,,,,
FCGR3A+ Monocytes,split_half,1256|stim,48,48,,,7.788470995708083,,,,
FCGR3A+ Monocytes,split_half,1256|stim,48,48,,,6.745870956537425,,,,
FCGR3A+ Monocytes,split_half,1256|stim,48,48,,,8.04581551975486,,,,
FCGR3A+ Monocytes,split_half,1488|ctrl,50,50,,,7.280570267745585,,,,
FCGR3A+ Monocytes,split_half,1488|ctrl,50,50,,,8.184274725453406,,,,
FCGR3A+ Monocytes,split_half,1488|ctrl,50,50,,,7.432963551730128,,,,
FCGR3A+ Monocytes,split_half,1488|ctrl,50,50,,,6.72082856642245,,,,
FCGR3A+ Monocytes,split_half,1488|ctrl,50,50,,,7.203805013434601,,,,
FCGR3A+ Monocytes,split_half,1488|ctrl,50,50,,,7.34705884523555,,,,
FCGR3A+ Monocytes,split_half,1488|stim,72,72,,,8.29051864629187,,,,
FCGR3A+ Monocytes,split_half,1488|stim,72,72,,,8.860626637635763,,,,
FCGR3A+ Monocytes,split_half,1488|stim,72,72,,,7.638929710754235,,,,
FCGR3A+ Monocytes,split_half,1488|stim,72,72,,,8.080841631005974,,,,
FCGR3A+ Monocytes,split_half,1488|stim,72,72,,,10.524878306595323,,,,
FCGR3A+ Monocytes,split_half,1488|stim,72,72,,,8.19444990366071,,,,
NK cells,stim_vs_ctrl,101,70,104,0.011610059143029983,0.1873604277440931,16.13776686543183,0.01210859438845013,0.000999000999000999,6.569635837286303,0.40805712512924314
NK cells,stim_vs_ctrl,1015,177,195,0.006724550041208956,0.2344617504519068,34.8665336736426,0.012321125849614652,0.22477522477522477,32.53076464415284,3.2376206202254845
NK cells,stim_vs_ctrl,1016,128,195,0.00820162472997837,0.16321445791366887,19.900259190973653,0.010002146163800211,0.000999000999000999,7.354392537151572,0.4911235313386162
NK cells,stim_vs_ctrl,1244,105,114,0.01096151078036196,0.20463914345894252,18.668881284645796,0.012704805322041633,0.000999000999000999,6.621479686222185,0.41892532616970624
NK cells,stim_vs_ctrl,1256,261,231,0.007333559504515275,0.20633099562201937,28.135177125784733,0.012971793127985881,0.4805194805194805,35.001541123205286,24.75100113713371
NK cells,stim_vs_ctrl,1488,116,168,0.010733157561341796,0.1873688814301129,17.45701396436867,0.013022065389047493,0.000999000999000999,6.8345637691940615,0.4552797141166759
NK cells,donor_vs_donor_ctrl,101|1015,70,177,0.008744846690533565,0.1361235653413045,15.566146572776445,0.006940978494757548,,,
NK cells,donor_vs_donor_ctrl,101|1016,70,128,0.009266166835371148,0.06729504800428404,7.262447266479484,0.004888261089245538,,,
NK cells,donor_vs_donor_ctrl,101|1244,70,105,0.009999377189802292,0.06857165579686755,6.857592677551886,0.005136755948056741,,,
NK cells,donor_vs_donor_ctrl,101|1256,70,261,0.007903855196495021,0.06656551190788236,8.42190428000262,0.0044616783977468695,,,
NK cells,donor_vs_donor_ctrl,101|1488,70,116,0.009875124425761567,0.06168402206599243,6.246404542010151,0.004858620193735168,,,
NK cells,donor_vs_donor_ctrl,1015|1016,177,128,0.007152757880556256,0.09347886474464584,13.06892618283008,0.006651039256891779,,,
NK cells,donor_vs_donor_ctrl,1015|1244,177,105,0.008019162048360335,0.13730895356097944,17.12260616918881,0.007743164113389468,,,
NK cells,donor_vs_donor_ctrl,1015|1256,177,261,0.004602657848585703,0.09194584243622211,19.976684224849578,0.004169150572656295,,,
NK cells,donor_vs_donor_ctrl,1015|1488,177,116,0.006687794564389926,0.11597847085379806,17.341811225981917,0.005243611833252301,,,
NK cells,donor_vs_donor_ctrl,1016|1244,128,105,0.008363419367628737,0.07296973671287635,8.724868801307677,0.004805620625679397,,,
NK cells,donor_vs_donor_ctrl,1016|1256,128,261,0.006805031784458484,0.04381536989518521,6.438672335851824,0.004040323451102808,,,
NK cells,donor_vs_donor_ctrl,1016|1488,128,116,0.007637869566021209,0.05255967733090762,6.881457830169192,0.0047305030795427,,,
NK cells,donor_vs_donor_ctrl,1244|1256,105,261,0.006169762050318718,0.048620348036992826,7.88042515099609,0.005087961357725341,,,
NK cells,donor_vs_donor_ctrl,1244|1488,105,116,0.007906006428736082,0.07896847514625993,9.988415245810074,0.005251285667192119,,,
NK cells,donor_vs_donor_ctrl,1256|1488,261,116,0.0063537985619017325,0.043757355571667,6.886802460821192,0.003394290639712602,,,
NK cells,donor_vs_donor_stim,101|1015,104,195,0.006610987941486958,0.07568931335628162,11.449017004144983,0.004069588080657165,,,
NK cells,donor_vs_donor_stim,101|1016,104,195,0.006542892336624863,0.05430135039526732,8.299288388302985,0.0036685044523758203,,,
NK cells,donor_vs_donor_stim,101|1244,104,114,0.008024394335689395,0.0611609076407655,7.62187214164507,0.004054411729863988,,,
NK cells,donor_vs_donor_stim,101|1256,104,231,0.006603002520031848,0.16608641430824667,25.15316536747976,0.006712766914048948,,,
NK cells,donor_vs_donor_stim,101|1488,104,168,0.006775930011821211,0.0470984170780014,6.950841728859955,0.0035564209207595704,,,
NK cells,donor_vs_donor_stim,1015|1016,195,195,0.00504358742343232,0.05206892562445028,10.323787664022632,0.004253834726746564,,,
NK cells,donor_vs_donor_stim,1015|1244,195,114,0.005694602552364857,0.05468927211702061,9.603703087989736,0.0040475050057591,,,
NK cells,donor_vs_donor_stim,1015|1256,195,231,0.004197638695981892,0.15290224346400783,36.425775188886675,0.005942141725611779,,,
NK cells,donor_vs_donor_stim,1015|1488,195,168,0.004092725710447423,0.04976823022036597,12.160167512160308,0.003246494147367633,,,
NK cells,donor_vs_donor_stim,1016|1244,195,114,0.005904463687951552,0.052977325612446786,8.972419581570215,0.004645021047422338,,,
NK cells,donor_vs_donor_stim,1016|1256,195,231,0.005183229530183959,0.11271098690249495,21.745320411942995,0.006302179487385544,,,
NK cells,donor_vs_donor_stim,1016|1488,195,168,0.005158638170987811,0.05047834968978096,9.785208424516238,0.004274071532329303,,,
NK cells,donor_vs_donor_stim,1244|1256,114,231,0.005999480441308648,0.15912821145312991,26.523665342330837,0.007666236952245342,,,
NK cells,donor_vs_donor_stim,1244|1488,114,168,0.005955807389157927,0.05986738986843698,10.05193518806884,0.003955152257027818,,,
NK cells,donor_vs_donor_stim,1256|1488,231,168,0.004231856856131367,0.13090729246976449,30.933771372748154,0.006117803427094302,,,
NK cells,split_half,101|ctrl,35,35,,,5.786184859698545,,,,
NK cells,split_half,101|ctrl,35,35,,,6.149293343081716,,,,
NK cells,split_half,101|ctrl,35,35,,,6.055649249560959,,,,
NK cells,split_half,101|ctrl,35,35,,,5.762413410070315,,,,
NK cells,split_half,101|ctrl,35,35,,,6.27114556223317,,,,
NK cells,split_half,101|ctrl,35,35,,,6.32858531276011,,,,
NK cells,split_half,101|stim,52,52,,,6.263937338538635,,,,
NK cells,split_half,101|stim,52,52,,,6.602718581341637,,,,
NK cells,split_half,101|stim,52,52,,,6.293368936293811,,,,
NK cells,split_half,101|stim,52,52,,,6.518897106269404,,,,
NK cells,split_half,101|stim,52,52,,,6.961223465588587,,,,
NK cells,split_half,101|stim,52,52,,,6.279220781154332,,,,
NK cells,split_half,1015|ctrl,88,88,,,28.548703816728963,,,,
NK cells,split_half,1015|ctrl,88,88,,,25.80804985499257,,,,
NK cells,split_half,1015|ctrl,88,88,,,30.15441152693336,,,,
NK cells,split_half,1015|ctrl,88,88,,,28.680394304551207,,,,
NK cells,split_half,1015|ctrl,88,88,,,30.430228708648727,,,,
NK cells,split_half,1015|ctrl,88,88,,,29.766627060161696,,,,
NK cells,split_half,1015|stim,97,97,,,7.020700955937123,,,,
NK cells,split_half,1015|stim,97,97,,,12.023380512522479,,,,
NK cells,split_half,1015|stim,97,97,,,7.447951548088569,,,,
NK cells,split_half,1015|stim,97,97,,,13.880104750071185,,,,
NK cells,split_half,1015|stim,97,97,,,9.673944706598359,,,,
NK cells,split_half,1015|stim,97,97,,,7.598789038984618,,,,
NK cells,split_half,1016|ctrl,64,64,,,5.680693080427672,,,,
NK cells,split_half,1016|ctrl,64,64,,,6.922712924279344,,,,
NK cells,split_half,1016|ctrl,64,64,,,6.947558571707333,,,,
NK cells,split_half,1016|ctrl,64,64,,,6.5918050328074145,,,,
NK cells,split_half,1016|ctrl,64,64,,,6.8249488097855275,,,,
NK cells,split_half,1016|ctrl,64,64,,,6.388891493484141,,,,
NK cells,split_half,1016|stim,97,97,,,6.613110769495612,,,,
NK cells,split_half,1016|stim,97,97,,,6.8182208572084155,,,,
NK cells,split_half,1016|stim,97,97,,,7.550681434273114,,,,
NK cells,split_half,1016|stim,97,97,,,7.720803150657462,,,,
NK cells,split_half,1016|stim,97,97,,,7.699812948447466,,,,
NK cells,split_half,1016|stim,97,97,,,7.453711802532959,,,,
NK cells,split_half,1244|ctrl,52,52,,,6.01948310251303,,,,
NK cells,split_half,1244|ctrl,52,52,,,6.157587218795119,,,,
NK cells,split_half,1244|ctrl,52,52,,,6.242005070652716,,,,
NK cells,split_half,1244|ctrl,52,52,,,6.8948116750370225,,,,
NK cells,split_half,1244|ctrl,52,52,,,6.478237254379655,,,,
NK cells,split_half,1244|ctrl,52,52,,,5.953214997305893,,,,
NK cells,split_half,1244|stim,57,57,,,5.791404782459602,,,,
NK cells,split_half,1244|stim,57,57,,,6.046511792618915,,,,
NK cells,split_half,1244|stim,57,57,,,5.557751086985863,,,,
NK cells,split_half,1244|stim,57,57,,,6.463856720494406,,,,
NK cells,split_half,1244|stim,57,57,,,6.2046001120269,,,,
NK cells,split_half,1244|stim,57,57,,,5.714519923603554,,,,
NK cells,split_half,1256|ctrl,130,130,,,7.14079727221057,,,,
NK cells,split_half,1256|ctrl,130,130,,,5.933371898463459,,,,
NK cells,split_half,1256|ctrl,130,130,,,6.722342501872404,,,,
NK cells,split_half,1256|ctrl,130,130,,,6.47969644874932,,,,
NK cells,split_half,1256|ctrl,130,130,,,6.442282835074037,,,,
NK cells,split_half,1256|ctrl,130,130,,,6.595721807942566,,,,
NK cells,split_half,1256|stim,115,115,,,8.538226564787339,,,,
NK cells,split_half,1256|stim,115,115,,,49.08538815823863,,,,
NK cells,split_half,1256|stim,115,115,,,9.183958154579228,,,,
NK cells,split_half,1256|stim,115,115,,,7.632874040912466,,,,
NK cells,split_half,1256|stim,115,115,,,57.00820225458883,,,,
NK cells,split_half,1256|stim,115,115,,,50.95099803526118,,,,
NK cells,split_half,1488|ctrl,58,58,,,6.596900553598387,,,,
NK cells,split_half,1488|ctrl,58,58,,,6.440122850028363,,,,
NK cells,split_half,1488|ctrl,58,58,,,6.784594236154098,,,,
NK cells,split_half,1488|ctrl,58,58,,,6.835760495727827,,,,
NK cells,split_half,1488|ctrl,58,58,,,6.659378256209625,,,,
NK cells,split_half,1488|ctrl,58,58,,,6.751538266254378,,,,
NK cells,split_half,1488|stim,84,84,,,7.01154114275468,,,,
NK cells,split_half,1488|stim,84,84,,,6.753163223839192,,,,
NK cells,split_half,1488|stim,84,84,,,6.691010366096144,,,,
NK cells,split_half,1488|stim,84,84,,,6.679187463864018,,,,
NK cells,split_half,1488|stim,84,84,,,6.5483832504466974,,,,
NK cells,split_half,1488|stim,84,84,,,6.46782033741915,,,,
