pair,omega,kn,kf,same_tissue,same_ct
Hear|endothelial cell vs Hear|leukocyte,26.4121612522693,0.01752842632197306,0.4629636225144741,True,False
Hear|fibroblast vs Hear|leukocyte,26.18746092555897,0.01746493410476925,0.45736227943610697,True,False
Hear|fibroblast vs Hear|endocardial cell,22.740351214167553,0.014200530892486855,0.3229250599227873,True,False
Hear|fibroblast vs Hear|endothelial cell,21.840124280774038,0.01785957081646518,0.39005524623288457,True,False
Hear|endocardial cell vs Hear|leukocyte,20.346829465018818,0.02222255948113466,0.45215862803888396,True,False
Sple|B cell vs Marr|T cell,19.940769867639197,0.015663200807992984,0.31233628270280844,False,False
Live|liver sinusoid EC vs Lung|stromal cell,19.11397463213099,0.024320605624522144,0.4648634389451785,False,False
Hear|smooth muscle cell vs Hear|leukocyte,18.883089767837106,0.025891844332477217,0.48891802078503166,True,False
Lung|type II pneumocyte vs Hear|fibroblast,17.814777840246627,0.026556917142726816,0.4731055790195155,False,False
Hear|endothelial cell vs Marr|monocyte,17.262686077280005,0.029559280227223594,0.5102725752329109,False,False
Live|liver sinusoid EC vs Hear|fibroblast,16.92068709351193,0.027497191277748936,0.46527136956123527,False,False
Lung|type II pneumocyte vs Hear|endocardial cell,16.861312583143686,0.028506525838525216,0.4806574428228358,False,False
Hear|endothelial cell vs Marr|NK cell,16.83215137075409,0.030303490277195713,0.5100729354079331,False,False
Hear|smooth muscle cell vs Marr|T cell,16.72390830782449,0.029642280100405587,0.4957347744340336,False,False
Live|liver sinusoid EC vs Hear|smooth muscle cell,16.604372560966894,0.026313631851141637,0.4369213466884807,False,False
Lung|type II pneumocyte vs Hear|smooth muscle cell,16.542516341316503,0.029913778496488165,0.4948491696086777,False,False
Marr|B cell vs Marr|NK cell,16.25240682490533,0.02271299639798974,0.3691408576727386,True,False
Lung|type II pneumocyte vs Hear|endothelial cell,16.242646198287737,0.02968845230913801,0.48221902703206726,False,False
Lung|macrophage vs Hear|endothelial cell,16.225398322236785,0.029312024670628416,0.47559927591217754,False,False
Live|liver sinusoid EC vs Lung|type II pneumocyte,16.187236661463068,0.0316320279061983,0.512035121799636,False,False
Marr|B cell vs Marr|T cell,16.165084655383886,0.01706302386476019,0.27582522525068404,True,False
Hear|leukocyte vs Marr|NK cell,15.969995715095118,0.025604495870273657,0.40890368933544097,False,False
Hear|endothelial cell vs Hear|smooth muscle cell,15.6926967606748,0.023657036108203126,0.37124269390236597,True,False
Live|liver sinusoid EC vs Hear|leukocyte,15.649014005840925,0.027972875884324448,0.43774792649744315,False,False
Lung|type II pneumocyte vs Hear|leukocyte,15.577784776679755,0.030766353300154273,0.47927163007309415,False,False
Lung|stromal cell vs Hear|leukocyte,15.496767154411394,0.030424182928744718,0.471476478709975,False,False
Lung|endothelial cell vs Marr|monocyte,15.380817315123915,0.0323156404744885,0.4970409625593319,False,False
Hear|fibroblast vs Marr|monocyte,15.379639176473047,0.032537086965582204,0.5004086573841786,False,False
Sple|T cell vs Hear|endothelial cell,15.237976246058334,0.032387360287209926,0.4935178267290379,False,False
Sple|T cell vs Hear|leukocyte,15.183428569009552,0.028751641563409785,0.4365484959197986,False,False
Hear|endothelial cell vs Marr|T cell,15.17324646168028,0.032803101575808756,0.49772954491727905,False,False
Marr|monocyte vs Marr|NK cell,15.139765902731627,0.02633679505805224,0.3987329118071301,True,False
Sple|T cell vs Marr|monocyte,15.12063098296918,0.028142366107399085,0.42553033289760034,False,False
Hear|fibroblast vs Marr|NK cell,14.72400926191415,0.035384398847479216,0.5210002163575483,False,False
Hear|endothelial cell vs Hear|endocardial cell,14.620631399375231,0.017354051218897597,0.2537271861573802,True,False
Hear|fibroblast vs Marr|hematopoietic st..,14.606824633611323,0.03105651704784273,0.45363709824859916,False,False
Hear|fibroblast vs Hear|smooth muscle cell,14.552034719370717,0.019931399592003553,0.29004241886848703,True,False
Lung|stromal cell vs Hear|smooth muscle cell,14.41045719336982,0.019911252936162683,0.2869302581029315,False,False
Hear|endocardial cell vs Marr|monocyte,14.391578674213477,0.03454687937033246,0.4971841324067022,False,False
Sple|B cell vs Hear|smooth muscle cell,14.358439053679662,0.034425655715801695,0.49429867947829753,False,False
Hear|endocardial cell vs Marr|NK cell,14.330671569447558,0.034934257548714424,0.5006313714531205,False,False
Hear|smooth muscle cell vs Marr|B cell,14.272073561259921,0.03270737911820191,0.46680212077099426,False,False
Lung|stromal cell vs Marr|T cell,14.21435758949409,0.03646919341291596,0.5183861561716099,False,False
Lung|stromal cell vs Lung|type II pneumocyte,14.163554275520735,0.03265358101356884,0.46249076697579566,True,False
Lung|macrophage vs Hear|smooth muscle cell,13.978212808263335,0.034579138153285865,0.4833545518329678,False,False
Hear|endothelial cell vs Marr|B cell,13.951832305953818,0.03348187929522706,0.4671335652151951,False,False
Live|liver sinusoid EC vs Marr|Fraction A pre-p..,13.891015789126865,0.03616550878192501,0.5023756535115266,False,False
Lung|macrophage vs Hear|fibroblast,13.874256207125464,0.034246608707994855,0.4751462234398946,False,False
Live|NK cell vs Marr|B cell,13.858781399171646,0.028408837099667173,0.3937118631689648,False,False
Hear|leukocyte vs Marr|B cell,13.790814523930436,0.027964050299360346,0.3856470310163399,False,False
Hear|fibroblast vs Marr|T cell,13.77394134485386,0.03709056194386076,0.5108832246624069,False,False
Marr|B cell vs Marr|hematopoietic st..,13.692214430727118,0.023527884866716475,0.3221488446965415,True,False
Hear|smooth muscle cell vs Marr|hematopoietic st..,13.65468533842102,0.03209404129512683,0.4382340351232471,False,False
Hear|smooth muscle cell vs Marr|NK cell,13.648517842572794,0.037534054618025434,0.5122842141582219,False,False
Sple|T cell vs Hear|endocardial cell,13.632710021928132,0.03652173305056616,0.4978901961766372,False,False
Hear|leukocyte vs Marr|T cell,13.625542035952625,0.028664141476571474,0.3905644646135178,False,False
Sple|B cell vs Marr|NK cell,13.569228155521458,0.029354197282490932,0.3983138002483074,False,False
Lung|macrophage vs Marr|T cell,13.523657668115783,0.02677083919226985,0.3620396647244347,False,False
Live|liver sinusoid EC vs Marr|T cell,13.517501998844528,0.0365150188915593,0.4935918408544986,False,False
Hear|smooth muscle cell vs Hear|endocardial cell,13.475347513722328,0.025022603845462697,0.3371882825158145,True,False
Lung|type II pneumocyte vs Marr|T cell,13.473769326160706,0.03802201767388674,0.5122998954531555,False,False
Marr|hematopoietic st.. vs Marr|NK cell,13.427654240291217,0.02609768375912274,0.3504306739899637,True,False
Marr|B cell vs Marr|monocyte,13.404533321969144,0.02599177916018336,0.348407669849941,True,False
Live|liver sinusoid EC vs Lung|macrophage,13.392652055451316,0.03351191232349196,0.4488133814613189,False,False
Lung|macrophage vs Marr|B cell,13.384945620051335,0.02475938875518796,0.33140307207390135,False,False
Sple|T cell vs Marr|hematopoietic st..,13.375626942523285,0.028018118585857076,0.3747599018358023,False,False
Sple|B cell vs Hear|endothelial cell,13.353949181176542,0.03660549877316929,0.488827970368523,False,False
Hear|smooth muscle cell vs Marr|monocyte,13.301423623273417,0.03834885910698213,0.510094420451196,False,False
Sple|T cell vs Hear|fibroblast,13.277413851592575,0.03868381446713111,0.5136210140383238,False,False
Lung|macrophage vs Marr|NK cell,13.260409094571276,0.029733765381400594,0.394281892879373,False,False
Lung|type II pneumocyte vs Marr|monocyte,13.141173550526213,0.03698123143151692,0.48597678035373887,False,False
Lung|macrophage vs Hear|endocardial cell,13.06839368859786,0.03684133964447253,0.48145713048931493,False,False
Lung|type II pneumocyte vs Lung|macrophage,12.991045798349058,0.03442049008525057,0.4471581630991098,True,False
Live|liver sinusoid EC vs Marr|monocyte,12.886591202502347,0.038237267370185304,0.49274803330036,False,False
Sple|B cell vs Marr|hematopoietic st..,12.850738733272792,0.03052093871351367,0.39221660930159513,False,False
Sple|B cell vs Hear|leukocyte,12.822326676549023,0.031376835148409304,0.40232403034912967,False,False
Lung|monocyte vs Hear|endothelial cell,12.80418976734853,0.04014101358523118,0.5139731553990154,False,False
Live|NK cell vs Sple|B cell,12.802677446309255,0.0333853411973528,0.4274217547846879,False,False
Live|hepatocyte vs Hear|leukocyte,12.781884667071456,0.04108528744765173,0.525147405669363,False,False
Lung|stromal cell vs Hear|endothelial cell,12.776902709693573,0.03125608356169449,0.399355938753823,False,False
Lung|type II pneumocyte vs Marr|NK cell,12.774420103160757,0.040794814584271526,0.5211300995300339,False,False
Sple|B cell vs Lung|stromal cell,12.747766588070611,0.04128899452168287,0.5263424648185394,False,False
Live|hepatocyte vs Hear|fibroblast,12.697373455806062,0.040528575198600175,0.5146064549283458,False,False
Live|hepatocyte vs Hear|cardiac muscle,12.676685104770895,0.043129346340369794,0.5467371423314709,False,False
Sple|T cell vs Marr|B cell,12.637366035363884,0.025309370094785764,0.3198437740123,False,False
Hear|fibroblast vs Marr|B cell,12.631450833879496,0.038053703912353076,0.4806734900158957,False,False
Lung|type II pneumocyte vs Marr|B cell,12.5541397102478,0.0377102348239734,0.4734195564864139,False,False
Sple|T cell vs Lung|macrophage,12.546770310614864,0.03270596703543384,0.4103542561801297,False,False
Hear|leukocyte vs Marr|hematopoietic st..,12.324084704539164,0.030021991246884053,0.36999356312553244,False,False
Lung|type II pneumocyte vs Marr|Fraction A pre-p..,12.318088113256872,0.04046224502427317,0.4984174994691863,False,False
Lung|stromal cell vs Lung|macrophage,12.288771195406802,0.03939249637854658,0.48408537481185,True,False
Lung|stromal cell vs Marr|Fraction A pre-p..,12.269831232393502,0.041641407102653114,0.5109330374289458,False,False
Hear|endocardial cell vs Marr|T cell,12.206691055258556,0.04030331131376717,0.4919700697110627,False,False
Hear|smooth muscle cell vs Marr|Fraction A pre-p..,12.183574038349708,0.04056898458471846,0.49427522734858526,False,False
Sple|T cell vs Hear|smooth muscle cell,12.183535486906393,0.04072523023053369,0.4961772877261402,False,False
Hear|leukocyte vs Marr|monocyte,12.175483915656,0.019277243269000745,0.23470976535990648,False,False
Live|liver sinusoid EC vs Sple|B cell,12.168629717570807,0.040770011542646915,0.4961151740435581,False,False
Lung|stromal cell vs Hear|endocardial cell,12.118815372443699,0.02876268891624234,0.3485697165909737,False,False
Hear|endothelial cell vs Marr|Fraction A pre-p..,12.09326397238555,0.0409514250384488,0.4952363930353204,False,False
Live|NK cell vs Hear|endothelial cell,12.084532450860909,0.040152014364142216,0.48521832055090997,False,False
Live|Kupffer cell vs Hear|endothelial cell,12.049227149780195,0.04296151379836148,0.5176530384548736,False,False
Sple|T cell vs Sple|B cell,12.01270989135507,0.028743163464785046,0.345283284062259,True,False
Marr|hematopoietic st.. vs Marr|T cell,11.995887097490945,0.02492105450575792,0.29895015620149,True,False
Lung|B cell vs Marr|NK cell,11.991635600582871,0.03372406483805619,0.40440669650839967,False,False
Hear|fibroblast vs Marr|Fraction A pre-p..,11.988155072218253,0.041830433901470045,0.5014697283489985,False,False
Live|NK cell vs Marr|hematopoietic st..,11.987606283166574,0.029618328881577574,0.3550528653976933,False,False
Lung|type II pneumocyte vs Marr|hematopoietic st..,11.970182485289367,0.039214140682441376,0.469400419972633,False,False
Hear|endothelial cell vs Marr|hematopoietic st..,11.950288021981535,0.03671884070379734,0.4388007222436374,False,False
Sple|B cell vs Lung|macrophage,11.945586023531268,0.028421329803765827,0.3395094400740377,False,False
Live|liver sinusoid EC vs Marr|B cell,11.945271735035986,0.03910510651024378,0.4671211234923867,False,False
Hear|leukocyte vs Marr|Fraction A pre-p..,11.9242809607315,0.032359278115612906,0.38586112393701844,False,False
Live|NK cell vs Marr|monocyte,11.890217033327358,0.0351854782759333,0.4183629731222719,False,False
Hear|endocardial cell vs Marr|hematopoietic st..,11.852983534881005,0.03413725473607783,0.40462831831276913,False,False
Sple|B cell vs Hear|fibroblast,11.79660832704054,0.04312513157863605,0.508730286285257,False,False
Lung|endothelial cell vs Hear|leukocyte,11.754295793233998,0.037500939649978554,0.44079713717006497,False,False
Lung|endothelial cell vs Marr|NK cell,11.730057313031308,0.04285997942141317,0.5027500150485189,False,False
Sple|B cell vs Lung|type II pneumocyte,11.667913015092402,0.04262786500828172,0.4973782209357323,False,False
Live|NK cell vs Hear|leukocyte,11.663525005312785,0.03407548007971649,0.39744021397781093,False,False
Live|NK cell vs Hear|fibroblast,11.658035703155738,0.04332170974258179,0.5050460389007683,False,False
Live|liver sinusoid EC vs Hear|endothelial cell,11.654546030157983,0.023183911973875593,0.2701979692586639,False,False
Lung|stromal cell vs Marr|B cell,11.641269470722367,0.042753827042768436,0.49770882150952456,False,False
Marr|monocyte vs Marr|T cell,11.63612316042806,0.031061407360900677,0.36143436158766695,True,False
Live|hepatocyte vs Lung|type II pneumocyte,11.635284211949694,0.04382230724961061,0.5098849996726029,False,False
Sple|B cell vs Marr|monocyte,11.598670593430906,0.03379041140925433,0.39192385115245043,False,False
Sple|T cell vs Lung|type II pneumocyte,11.575584657477359,0.046510550587436174,0.5383868157907508,False,False
Live|hepatocyte vs Hear|endothelial cell,11.547377256411762,0.04771233018475658,0.5509522764258665,False,False
Live|NK cell vs Lung|type II pneumocyte,11.524810931953533,0.04561485393957458,0.5257025673422728,False,False
Lung|endothelial cell vs Hear|fibroblast,11.522805620584725,0.03573445482977508,0.4117611769610633,False,False
Live|NK cell vs Hear|smooth muscle cell,11.512327264219545,0.04302310561041045,0.49529607171012513,False,False
Live|hepatocyte vs Kidn|kidney tubule cell,11.377012065671916,0.03769950795821879,0.4289077569105496,False,False
Sple|B cell vs Marr|Fraction A pre-p..,11.368198214986952,0.028296855182259276,0.3216842585727042,False,False
Hear|endocardial cell vs Marr|B cell,11.358588393095566,0.04110107243399001,0.4668501642924991,False,False
Lung|macrophage vs Marr|Fraction A pre-p..,11.265929586824395,0.02887508121897133,0.32530463182676655,False,False
Live|liver sinusoid EC vs Marr|NK cell,11.254924858823797,0.043588729120091874,0.49058787093825873,False,False
Sple|T cell vs Lung|endothelial cell,11.242396856582117,0.04416839811904768,0.4965586601738491,False,False
Live|NK cell vs Lung|macrophage,11.145435438632626,0.03621135105330885,0.40359127531031536,False,False
Live|hepatocyte vs Hear|smooth muscle cell,11.128177971703172,0.04913003251207798,0.5467277455499668,False,False
Hear|smooth muscle cell vs Marr|neutrophil,11.112437494191942,0.049219877445135986,0.5469528115808614,False,False
Lung|stromal cell vs Marr|hematopoietic st..,11.09715876996052,0.041942362084502374,0.4654410512388951,False,False
Lung|monocyte vs Hear|endocardial cell,11.09542971837751,0.04396177028917492,0.48777473253899684,False,False
Marr|hematopoietic st.. vs Marr|monocyte,11.07379380128267,0.029209222089034474,0.32345690250983883,True,False
Live|hepatocyte vs Marr|monocyte,11.066852340442658,0.047872617876760774,0.529799193192547,False,False
Live|Kupffer cell vs Hear|fibroblast,11.055483280148833,0.045368647110313104,0.5015723195710392,False,False
Live|liver sinusoid EC vs Hear|endocardial cell,10.94869944750997,0.0291341139967361,0.31898065781975704,False,False
Lung|stromal cell vs Marr|monocyte,10.926175482842353,0.04636179404639312,0.5065570974502871,False,False
Lung|monocyte vs Hear|fibroblast,10.841502361105455,0.04470571306560535,0.48467709375566337,False,False
Lung|macrophage vs Marr|hematopoietic st..,10.832885951625926,0.03255594674451056,0.3526748581304902,False,False
Live|liver sinusoid EC vs Marr|neutrophil,10.821858351083607,0.04937948116820347,0.5343777506522984,False,False
Lung|stromal cell vs Marr|NK cell,10.797849855500576,0.048915245493629536,0.528179476485163,False,False
Sple|B cell vs Marr|neutrophil,10.752778129791613,0.04504976028214726,0.4844100771142279,False,False
Sple|B cell vs Hear|endocardial cell,10.731479101836323,0.04661285870578549,0.5002249190779863,False,False
Marr|B cell vs Marr|Fraction A pre-p..,10.7247292748416,0.024618931545475852,0.2640313758610862,True,False
Hear|endocardial cell vs Marr|Fraction A pre-p..,10.70673917117278,0.04655605263556074,0.4984635124083399,False,False
Live|liver sinusoid EC vs Sple|T cell,10.660014557410678,0.048397356989326124,0.5159165300464179,False,False
Lung|B cell vs Hear|endothelial cell,10.618112617493692,0.047349404453411764,0.5027613088575834,False,False
Hear|endothelial cell vs Marr|neutrophil,10.574623965865815,0.051942303645176505,0.5492703289685628,False,False
Live|NK cell vs Hear|endocardial cell,10.54480746011086,0.044276591413779175,0.4668881314482991,False,False
Lung|B cell vs Hear|leukocyte,10.482431861390767,0.038647352699040224,0.4051182412908257,False,False
Live|hepatocyte vs Hear|endocardial cell,10.454369034975896,0.04952550701348565,0.517757926963266,False,False
Live|Kupffer cell vs Hear|smooth muscle cell,10.435932571321061,0.04998233420937945,0.5216122695663179,False,False
Live|hepatocyte vs Lung|macrophage,10.41380667479714,0.051179270317842376,0.5329710268471941,False,False
Live|hepatocyte vs Marr|hematopoietic st..,10.402446353625228,0.04930867209843126,0.5129308162724283,False,False
Marr|Fraction A pre-p.. vs Marr|monocyte,10.378346758059822,0.03090585434909917,0.3207516732890424,True,False
Live|Kupffer cell vs Lung|type II pneumocyte,10.368888514419766,0.049198497360832254,0.5101337342114447,False,False
Live|Kupffer cell vs Marr|NK cell,10.36700425776477,0.04523219409395396,0.4689223487600631,False,False
Kidn|fenestrated cell vs Hear|smooth muscle cell,10.349559858914695,0.043401374202137716,0.44918512026418034,False,False
Lung|endothelial cell vs Lung|type II pneumocyte,10.339627697053075,0.04558518726806645,0.47133386485225104,True,False
Lung|macrophage vs Hear|leukocyte,10.326552465714583,0.019674892786198734,0.2031738126139906,False,False
Live|Kupffer cell vs Marr|T cell,10.25038727899051,0.047175021578682176,0.4835622410762266,False,False
Live|Kupffer cell vs Marr|B cell,10.220622636828592,0.043873076343977094,0.4484101572285613,False,False
Lung|monocyte vs Marr|NK cell,10.177288428745577,0.041464708222727575,0.4219982951964769,False,False
Live|Kupffer cell vs Sple|T cell,10.159852126643223,0.05070367988038377,0.5151418898613542,False,False
Marr|T cell vs Marr|neutrophil,10.120067441936845,0.04203456936368397,0.42539267685325416,True,False
Lung|B cell vs Marr|monocyte,10.115422919070053,0.038905520413173175,0.39354579286575975,False,False
Lung|monocyte vs Hear|smooth muscle cell,10.09044149269764,0.051195995048482816,0.5165901926971539,False,False
Kidn|kidney tubule cell vs Hear|leukocyte,10.073841020192488,0.05163285903970958,0.5201412133840428,False,False
Sple|T cell vs Lung|B cell,9.992884032238482,0.035366747544326047,0.3534158068079053,False,False
Lung|B cell vs Hear|fibroblast,9.988098318972723,0.05181739288752525,0.5175572147934401,False,False
Marr|B cell vs Marr|neutrophil,9.968277305730188,0.04345091595283488,0.4331307794058337,True,False
Kidn|fenestrated cell vs Hear|fibroblast,9.964552824957535,0.04778389361001707,0.4761451320591659,False,False
Live|Kupffer cell vs Hear|endocardial cell,9.954363270860492,0.049525874836710254,0.49299854943178245,False,False
Lung|macrophage vs Marr|monocyte,9.94389738703633,0.020038537443579797,0.1992611601252428,False,False
Marr|Fraction A pre-p.. vs Marr|neutrophil,9.930951153626156,0.045735918392067254,0.454201171517852,True,False
Sple|T cell vs Lung|monocyte,9.918045023631706,0.04543421742601934,0.450618614044732,False,False
Live|liver sinusoid EC vs Lung|monocyte,9.864462145982024,0.04965523885146953,0.4898222240000171,False,False
Live|hepatocyte vs Lung|stromal cell,9.853009926952012,0.05156306875141387,0.50805142827179,False,False
Kidn|fenestrated cell vs Hear|leukocyte,9.852423867717727,0.051084808247823923,0.5033091840586438,False,False
Marr|Fraction A pre-p.. vs Marr|T cell,9.842687680294897,0.029113960370718662,0.28655961906546645,True,False
Lung|macrophage vs Marr|neutrophil,9.840542983622258,0.043031459300263364,0.4234529248922334,False,False
Kidn|fenestrated cell vs Lung|stromal cell,9.831274881951947,0.04743127100149556,0.46630986321605905,False,False
Kidn|fenestrated cell vs Marr|T cell,9.809517000325759,0.0526932472736373,0.516895304933114,False,False
Live|Kupffer cell vs Marr|Fraction A pre-p..,9.80807054191283,0.044839033457495056,0.43978440318230105,False,False
Lung|endothelial cell vs Lung|monocyte,9.782939283501182,0.05016727049638204,0.4907833612850857,True,False
Kidn|fenestrated cell vs Lung|type II pneumocyte,9.724116314376397,0.052789978223045646,0.5133358884742929,False,False
Live|Kupffer cell vs Lung|macrophage,9.702460908244483,0.0349122386529954,0.3387346307499899,False,False
Sple|T cell vs Lung|stromal cell,9.688672898219282,0.053660269665620985,0.5198968004204403,False,False
Live|NK cell vs Lung|B cell,9.65009334987833,0.045250391217855956,0.4366704993708246,False,False
Live|NK cell vs Lung|stromal cell,9.648906490302075,0.05298779800044056,0.5112743080332662,False,False
Lung|B cell vs Hear|endocardial cell,9.600760862016875,0.05306585220970978,0.5094725570045534,False,False
Hear|leukocyte vs Marr|neutrophil,9.546846549871963,0.04526174083776503,0.43210689435821603,False,False
Live|Kupffer cell vs Lung|stromal cell,9.499519326072628,0.0521472742749695,0.4953740397770827,False,False
Live|Kupffer cell vs Sple|B cell,9.49798319153851,0.049256456065057595,0.46783699178067206,False,False
Lung|stromal cell vs Marr|neutrophil,9.460547264932021,0.05711729000574796,0.540360821744208,False,False
Kidn|kidney tubule cell vs Hear|cardiac muscle,9.440455823183498,0.05050300262843513,0.4767713652518619,False,False
Live|hepatocyte vs Marr|T cell,9.43634833528714,0.05822016358578569,0.5493857437328737,False,False
Lung|type II pneumocyte vs Lung|monocyte,9.426623820060083,0.05012942138502481,0.4725511977139042,True,False
Lung|endothelial cell vs Lung|macrophage,9.409760044638864,0.047906986207096054,0.45079324467059756,True,False
Kidn|kidney tubule cell vs Hear|smooth muscle cell,9.301063554543061,0.053906461714864254,0.5013874264104947,False,False
Kidn|kidney tubule cell vs Marr|monocyte,9.252859947614821,0.05809094990085453,0.537507423656516,False,False
Live|hepatocyte vs Marr|NK cell,9.247065572723075,0.05691416594610309,0.5262890245204579,False,False
Kidn|kidney tubule cell vs Lung|type II pneumocyte,9.235597817111879,0.04996207495323661,0.4614296303764921,False,False
Live|liver sinusoid EC vs Marr|hematopoietic st..,9.114737283861238,0.047492439099389376,0.4328811053607136,False,False
Live|hepatocyte vs Sple|T cell,9.090969969819849,0.06267420841102088,0.5697693465468214,False,False
Kidn|fenestrated cell vs Sple|B cell,9.088166236899376,0.05702353827615939,0.518239395269931,False,False
Live|hepatocyte vs Marr|Fraction A pre-p..,9.086937785569562,0.060968814784721964,0.5540198268086822,False,False
Live|Kupffer cell vs Marr|monocyte,9.074548855301705,0.03396263026790155,0.30819554762062107,False,False
Lung|B cell vs Hear|smooth muscle cell,9.058055766648586,0.05539300737461669,0.5017529498816544,False,False
Kidn|leukocyte vs Lung|stromal cell,9.055442625210148,0.056584714505832454,0.5123996356714622,False,False
Kidn|kidney tubule cell vs Hear|endothelial cell,8.945752744371326,0.0557943918509358,0.4991228340210381,False,False
Live|NK cell vs Marr|Fraction A pre-p..,8.91539925039726,0.041871826193048314,0.37330404785426724,False,False
Lung|endothelial cell vs Hear|smooth muscle cell,8.886535708527623,0.046085272942402,0.40953842363989723,False,False
Live|hepatocyte vs Marr|B cell,8.883831555042521,0.059697332280146675,0.5303410442622255,False,False
Lung|type II pneumocyte vs Lung|B cell,8.84760617553928,0.0557420248933371,0.49318348368335363,True,False
Live|Kupffer cell vs Live|liver sinusoid EC,8.84465811952878,0.039721475164656996,0.3513228678347443,True,False
Marr|Fraction A pre-p.. vs Marr|hematopoietic st..,8.830277814850767,0.04026851302638944,0.3555821572139558,True,False
Live|hepatocyte vs Sple|B cell,8.811318598467224,0.06289743531177014,0.5542093415584893,False,False
Kidn|kidney tubule cell vs Hear|fibroblast,8.79511927852975,0.053319294046306934,0.4689495509842706,False,False
Live|liver sinusoid EC vs Lung|dendritic cell,8.792665379178148,0.05313862181682371,0.46723012034602646,False,False
Live|Kupffer cell vs Marr|hematopoietic st..,8.78917152391197,0.05124771354995911,0.45042494459889826,False,False
Lung|dendritic cell vs Hear|smooth muscle cell,8.783658369245035,0.05543422466876833,0.4869152914544365,False,False
Kidn|leukocyte vs Hear|smooth muscle cell,8.768626944520184,0.05897237772908961,0.5171067803377172,False,False
Lung|type II pneumocyte vs Hear|cardiac muscle,8.73349103983686,0.055348607111134734,0.4833865642725459,False,False
Kidn|fenestrated cell vs Lung|macrophage,8.696827154213286,0.057396355437346114,0.4991661825203891,False,False
Hear|fibroblast vs Marr|neutrophil,8.6796967454293,0.06183512928817255,0.5367101704357513,False,False
Live|hepatocyte vs Lung|endothelial cell,8.675437986592717,0.06309565300836953,0.5473824248976821,False,False
Live|liver sinusoid EC vs Kidn|kidney tubule cell,8.648907722090687,0.056716740594784446,0.49053785570204556,False,False
Live|liver sinusoid EC vs Kidn|leukocyte,8.626875052317066,0.05402423483251097,0.4660603236971075,False,False
Kidn|leukocyte vs Hear|endothelial cell,8.584471800119383,0.059838110813364716,0.5136785748497481,False,False
Lung|type II pneumocyte vs Marr|neutrophil,8.575569916592372,0.05837453646781331,0.5005949188284041,False,False
Lung|monocyte vs Marr|B cell,8.561002889508522,0.046960195898167745,0.4020263727761003,False,False
Hear|leukocyte vs Hear|cardiac muscle,8.546064550493554,0.05755138212810458,0.49183782663690284,True,False
Lung|B cell vs Marr|hematopoietic st..,8.539491953843003,0.04700409232004628,0.4013910681647289,False,False
Kidn|kidney tubule cell vs Hear|endocardial cell,8.529514980141657,0.05788703107991675,0.4937482987520756,False,False
Kidn|fenestrated cell vs Marr|B cell,8.52109030391271,0.05834052908678348,0.4971249167265281,False,False
Hear|cardiac muscle vs Marr|hematopoietic st..,8.511477194715136,0.05733518132842388,0.4880070883317369,False,False
Kidn|fenestrated cell vs Marr|NK cell,8.471253205779451,0.06314324464502807,0.5349024136225102,False,False
Lung|dendritic cell vs Hear|endothelial cell,8.455331006270463,0.05371823250883982,0.45420543693403925,False,False
Hear|endocardial cell vs Marr|neutrophil,8.415295618784695,0.06409870051296739,0.5394095135965667,False,False
Lung|B cell vs Lung|macrophage,8.413607440829576,0.04056424425657197,0.3412916273087223,True,False
Kidn|fenestrated cell vs Marr|Fraction A pre-p..,8.411369422707807,0.061059705960068184,0.5135957436720472,False,False
Live|hepatocyte vs Lung|monocyte,8.40053262837155,0.062080754779789436,0.5215114061215542,False,False
Live|NK cell vs Lung|endothelial cell,8.394806921212394,0.05613616840930119,0.47125229509274624,False,False
Lung|endothelial cell vs Lung|NK cell,8.382273192379147,0.05769430939852034,0.4836094630240453,True,False
Kidn|fenestrated cell vs Marr|monocyte,8.327474674891478,0.06277647550676893,0.5227695099615635,False,False
Live|liver sinusoid EC vs Lung|B cell,8.310152234441524,0.06054016154529039,0.5030979587390458,False,False
Lung|stromal cell vs Lung|monocyte,8.309954605678408,0.0585938360254584,0.48691211754412345,True,False
Kidn|kidney tubule cell vs Lung|macrophage,8.297942112168686,0.0604655058422722,0.5017392672621722,False,False
Sple|T cell vs Marr|neutrophil,8.292059117284685,0.05825990372094604,0.48309456582139854,False,False
Live|Kupffer cell vs Kidn|kidney tubule cell,8.289550869825403,0.061518700020503796,0.5099623932654953,False,False
Sple|B cell vs Marr|B cell,8.286164359313485,0.01222739212206429,0.1013181808091996,False,True
Hear|cardiac muscle vs Marr|monocyte,8.283384686529972,0.06599169527477933,0.5466345980772594,False,False
Live|Kupffer cell vs Lung|endothelial cell,8.283308771439808,0.05853460034453259,0.4848601684665904,False,False
Live|NK cell vs Marr|neutrophil,8.28162631511434,0.058229534415238385,0.4822352445300943,False,False
Marr|Fraction A pre-p.. vs Marr|NK cell,8.199424545493235,0.041771446623279654,0.3425018247436797,True,False
Live|NK cell vs Lung|monocyte,8.185872164534581,0.05373045999870932,0.4398306768910734,False,False
Kidn|leukocyte vs Hear|fibroblast,8.18419471628331,0.061080934621311006,0.49989826239337987,False,False
Kidn|leukocyte vs Marr|T cell,8.179924727358854,0.05392101759916772,0.44106986518378394,False,False
Lung|endothelial cell vs Marr|hematopoietic st..,8.147678164829534,0.052624774898988196,0.4287697293735555,False,False
Lung|endothelial cell vs Marr|T cell,8.137631553711062,0.06062200530285753,0.4933195432017728,False,False
Lung|B cell vs Lung|monocyte,8.127362531700912,0.051463047361201844,0.41825884289058135,True,False
Live|Kupffer cell vs Marr|neutrophil,8.113262265419564,0.05689107101990543,0.46157217974510323,False,False
Lung|B cell vs Marr|T cell,8.105399649367554,0.04038852983181099,0.32736517553723177,False,False
Hear|fibroblast vs Hear|cardiac muscle,8.101188861372524,0.049273536946872976,0.39917422867443486,True,False
Lung|endothelial cell vs Marr|B cell,8.09653808863507,0.055708144727634246,0.4510431156344856,False,False
Sple|B cell vs Lung|dendritic cell,8.067387487886675,0.04616327404214222,0.37241701940746186,False,False
Lung|stromal cell vs Lung|B cell,8.03658109032571,0.06615005520986508,0.5316202828236034,True,False
Lung|monocyte vs Marr|T cell,8.032066323554725,0.05130200878530469,0.4120611370951544,False,False
Live|Kupffer cell vs Lung|B cell,8.026537651364938,0.058297304267798986,0.46792550767856644,False,False
Sple|B cell vs Lung|monocyte,7.990882279963158,0.05369290406341945,0.4290536756401403,False,False
Marr|NK cell vs Marr|neutrophil,7.932758757826396,0.05454253591180233,0.43267277942841065,True,False
Lung|endothelial cell vs Lung|B cell,7.918291680681484,0.06010656250926592,0.47594129387148193,True,False
Kidn|leukocyte vs Hear|endocardial cell,7.906869547766435,0.0634698662221926,0.5018479524330641,False,False
Live|B cell vs Hear|endothelial cell,7.905096140289225,0.06511602065811695,0.5147484035754737,False,False
Kidn|fenestrated cell vs Sple|T cell,7.902861218584752,0.06613133399434451,0.5226267547571807,False,False
Lung|endothelial cell vs Hear|endocardial cell,7.879014576820344,0.03130911472391667,0.2466849712970799,False,False
Lung|dendritic cell vs Marr|neutrophil,7.788335073929437,0.0466899992239335,0.36363735855749946,False,False
Live|Kupffer cell vs Hear|leukocyte,7.779701861933757,0.02961834426507881,0.23042188802642863,False,False
Kidn|kidney tubule cell vs Lung|stromal cell,7.728358019989589,0.05985195167767572,0.46255731076019446,False,False
Live|B cell vs Sple|T cell,7.675344798144919,0.05387346051993637,0.4134973849597593,False,False
Live|B cell vs Marr|NK cell,7.672422716635499,0.054515074850317966,0.4182626986806641,False,False
Lung|dendritic cell vs Marr|T cell,7.661822086927707,0.045778433115452793,0.350746209948919,False,False
Kidn|fenestrated cell vs Marr|neutrophil,7.661318657843027,0.0744442891204339,0.5703414212082408,False,False
Hear|cardiac muscle vs Marr|T cell,7.655803897855988,0.06804908476568722,0.5209704483946808,False,False
Lung|stromal cell vs Lung|dendritic cell,7.645328993009855,0.06198912702239703,0.4739272700757026,True,False
Live|Kupffer cell vs Kidn|fenestrated cell,7.6164301699775585,0.07033531615733271,0.5357040239956189,False,False
Kidn|leukocyte vs Lung|type II pneumocyte,7.614775623799264,0.0662474459403431,0.5044594364854841,False,False
Live|hepatocyte vs Lung|B cell,7.606537892573184,0.07337655894360674,0.5581415760311744,False,False
Kidn|kidney tubule cell vs Marr|T cell,7.6022592151556205,0.06606646332582673,0.5022543796315071,False,False
Live|NK cell vs Live|liver sinusoid EC,7.600467646108567,0.045886163922056106,0.3487563042936216,True,False
Live|NK cell vs Kidn|fenestrated cell,7.599444841806613,0.06648631816069359,0.5052591075969962,False,False
Lung|macrophage vs Hear|cardiac muscle,7.585933062065031,0.06782464204672833,0.5145131945250025,False,False
Lung|endothelial cell vs Marr|Fraction A pre-p..,7.560840779746868,0.06273128992210202,0.47430129500915263,False,False
Kidn|leukocyte vs Marr|Fraction A pre-p..,7.559152932213074,0.05319690506932241,0.40212354093942904,False,False
Lung|monocyte vs Marr|Fraction A pre-p..,7.523229615723986,0.050611614487331084,0.3807627970106944,False,False
Lung|type II pneumocyte vs Lung|dendritic cell,7.513997979420392,0.06382068468282423,0.47954849575196723,True,False
Kidn|leukocyte vs Sple|B cell,7.486973434570683,0.05498286646411816,0.41165526057339996,False,False
Hear|cardiac muscle vs Marr|NK cell,7.481061308450584,0.07175524609531271,0.5368053952419938,False,False
Kidn|kidney tubule cell vs Marr|NK cell,7.466961798169659,0.0694822333029935,0.518821181724964,False,False
Live|NK cell vs Marr|T cell,7.4352047134401635,0.02519510174528579,0.18733073925215338,False,False
Kidn|leukocyte vs Sple|T cell,7.433114891978623,0.06534802426122283,0.48573937229747577,False,False
Live|hepatocyte vs Kidn|fenestrated cell,7.385496461926591,0.07810412182058316,0.5768377153678004,False,False
Live|NK cell vs Live|Kupffer cell,7.382902538887568,0.046638466450840736,0.3443272523697347,True,False
Lung|monocyte vs Marr|hematopoietic st..,7.354479145615233,0.052124524381038276,0.3833487275354588,False,False
Hear|smooth muscle cell vs Hear|cardiac muscle,7.353836196939276,0.05399019459069264,0.3970350472608306,True,False
Live|hepatocyte vs Live|liver sinusoid EC,7.323832819651848,0.05216119309658741,0.3820198579129843,True,False
Live|B cell vs Marr|T cell,7.2999482010438115,0.051840481725902096,0.3784328313162436,False,False
Kidn|kidney tubule cell vs Sple|B cell,7.271672258670501,0.07020465296042457,0.5105052273619092,False,False
Sple|B cell vs Lung|endothelial cell,7.245147148836711,0.06580870711670761,0.4767937667352443,False,False
Sple|myeloid cell vs Hear|smooth muscle cell,7.228221326730962,0.07185637609045518,0.519393790118629,False,False
Kidn|kidney tubule cell vs Lung|monocyte,7.22724032965449,0.07313958926932025,0.528597389261596,False,False
Kidn|kidney tubule cell vs Marr|Fraction A pre-p..,7.225316114174245,0.06807273564634377,0.4918470338014511,False,False
Live|liver sinusoid EC vs Hear|cardiac muscle,7.207121443283981,0.06716597251053648,0.4840733207397099,False,False
Sple|T cell vs Marr|NK cell,7.184601745393157,0.01469706882993723,0.10559258636773039,False,False
Lung|B cell vs Marr|neutrophil,7.183385926466087,0.06759577840295805,0.48556656326832914,False,False
Lung|NK cell vs Hear|endothelial cell,7.17962873110104,0.07202200727747884,0.5170912727209553,False,False
Kidn|fenestrated cell vs Lung|monocyte,7.162150261882312,0.07367688108319077,0.5276848931446467,False,False
Live|NK cell vs Sple|T cell,7.161633200767325,0.02665984484898238,0.19092802999777794,False,False
Lung|dendritic cell vs Hear|fibroblast,7.159562883888576,0.06662613428418501,0.47701399811802714,False,False
Live|B cell vs Hear|smooth muscle cell,7.155950951522623,0.06840992206278595,0.48953804687878166,False,False
Kidn|leukocyte vs Marr|NK cell,7.149974091375347,0.06433242289075007,0.45997515690426527,False,False
Kidn|kidney tubule cell vs Marr|neutrophil,7.12828800147952,0.07844850425580319,0.559203531620657,False,False
Lung|NK cell vs Marr|monocyte,7.11212897487314,0.06179771516368352,0.43951332059659076,False,False
Kidn|fenestrated cell vs Marr|hematopoietic st..,7.1085584921805465,0.06543447013245576,0.46514475834140273,False,False
Lung|dendritic cell vs Marr|Fraction A pre-p..,7.096664855147766,0.0496529576160295,0.35237039926781816,False,False
Kidn|kidney tubule cell vs Marr|hematopoietic st..,7.096077780437649,0.06396079363652782,0.4538707665433228,False,False
Lung|dendritic cell vs Marr|B cell,7.090431080745899,0.04817475622393695,0.34157978883755946,False,False
Live|liver sinusoid EC vs Kidn|fenestrated cell,7.0717852893134605,0.042098613415895776,0.297712355055026,False,False
Kidn|kidney tubule cell vs Marr|B cell,7.049907774280485,0.06808355379651887,0.479982775210722,False,False
Kidn|leukocyte vs Marr|B cell,7.044853377049975,0.056958674942371806,0.4012655135200598,False,False
Live|B cell vs Hear|leukocyte,7.04213268323843,0.058241489429573606,0.4101442962324858,False,False
Sple|myeloid cell vs Hear|endothelial cell,7.024088353725226,0.07160609490631586,0.5029675372871965,False,False
Kidn|kidney tubule cell vs Lung|endothelial cell,7.0238399873100335,0.07088056081709095,0.49785371739004414,False,False
Lung|dendritic cell vs Marr|NK cell,7.001497919458879,0.056896770229703554,0.39836261838719933,False,False
Hear|endocardial cell vs Hear|cardiac muscle,7.000921087810851,0.05663115604474271,0.3964702545807462,True,False
Hear|cardiac muscle vs Marr|B cell,7.000697631880305,0.06974672272460779,0.488275716609574,False,False
Live|NK cell vs Lung|dendritic cell,6.990845204046167,0.061647996292343465,0.4309715992193852,False,False
Live|NK cell vs Kidn|leukocyte,6.9891505793876085,0.0646155261906792,0.45160764231302075,False,False
Live|B cell vs Marr|monocyte,6.973276662979569,0.05945532969670315,0.41459846306377623,False,False
Sple|B cell vs Hear|cardiac muscle,6.955213762437195,0.07405739191713448,0.5150849914722588,False,False
Live|Kupffer cell vs Hear|cardiac muscle,6.939096918990296,0.0776928661639456,0.5391183282257603,False,False
Sple|T cell vs Hear|cardiac muscle,6.91533238634006,0.07638610086320285,0.5282352771655451,False,False
Live|NK cell vs Kidn|kidney tubule cell,6.906728778132736,0.07341744718719992,0.507074395304874,False,False
Kidn|fenestrated cell vs Lung|B cell,6.902644749479999,0.07758857697640828,0.5355663834858294,False,False
Sple|T cell vs Marr|Fraction A pre-p..,6.884667285860931,0.04373773265161531,0.3011197371443074,False,False
Live|NK cell vs Hear|cardiac muscle,6.866019512261152,0.07691517391637462,0.5281010848987882,False,False
Live|hepatocyte vs Kidn|leukocyte,6.862620869798982,0.07969030327154145,0.5468843383518904,False,False
Lung|dendritic cell vs Hear|endocardial cell,6.861758183045848,0.06665135367470919,0.45734547148851873,False,False
Sple|T cell vs Lung|dendritic cell,6.851806575869229,0.05892888040791858,0.40376929028758785,False,False
Kidn|fenestrated cell vs Kidn|leukocyte,6.846491582491082,0.0757372724128481,0.5185345980553986,True,False
Lung|stromal cell vs Hear|cardiac muscle,6.8457816785417585,0.06258715070003104,0.4284579695744045,False,False
Kidn|kidney tubule cell vs Sple|T cell,6.838801085897953,0.0749805921006256,0.5127773546790299,False,False
Live|B cell vs Lung|type II pneumocyte,6.834689740314023,0.07300197837612542,0.49894587262993056,False,False
Live|B cell vs Hear|fibroblast,6.83315095213937,0.07341103958429691,0.5016287150329795,False,False
Live|hepatocyte vs Marr|neutrophil,6.776016931316075,0.07786984256012468,0.5276473716263219,False,False
Lung|endothelial cell vs Lung|stromal cell,6.748181515476981,0.05755806228144192,0.3884122519542992,True,False
Lung|T cell vs Marr|monocyte,6.734870945249788,0.06332336855341422,0.42647471502573353,False,False
Lung|NK cell vs Hear|endocardial cell,6.699469759051101,0.0768338783771661,0.5147462446584345,False,False
Live|B cell vs Marr|Fraction A pre-p..,6.696633931300229,0.05814605704355687,0.38938285856920163,False,False
Live|B cell vs Hear|endocardial cell,6.693752215894618,0.0729537691745897,0.4883344540702743,False,False
Lung|NK cell vs Hear|fibroblast,6.631326361471339,0.08055331723251982,0.5341753360679722,False,False
Lung|type II pneumocyte vs Lung|NK cell,6.628999048139268,0.0847499175941038,0.5618071230611955,True,False
Lung|monocyte vs Hear|cardiac muscle,6.624479668539589,0.0819606686122642,0.542946782841855,False,False
Live|Kupffer cell vs Lung|monocyte,6.610322115493843,0.04418079484832878,0.29204928526600415,False,False
Kidn|fenestrated cell vs Lung|dendritic cell,6.6033173459799945,0.07421489755873173,0.49006452037970155,False,False
Lung|endothelial cell vs Marr|neutrophil,6.600543800741183,0.08322989959318365,0.5493625977960994,False,False
Live|B cell vs Marr|hematopoietic st..,6.5987781880465235,0.0646262060579813,0.4264539989116071,False,False
Live|hepatocyte vs Lung|dendritic cell,6.596095780496727,0.08108981852103819,0.5348762097878653,False,False
Lung|endothelial cell vs Hear|endothelial cell,6.591750125602605,0.029380624053097305,0.19366973229228707,False,True
Lung|B cell vs Marr|Fraction A pre-p..,6.582517276565756,0.0501967963893358,0.3304212794610565,False,False
Lung|NK cell vs Hear|leukocyte,6.5430439602222235,0.06728766059532498,0.440266121255724,False,False
Hear|cardiac muscle vs Marr|Fraction A pre-p..,6.514024168479815,0.07592054334220522,0.49454825421524407,False,False
Live|liver sinusoid EC vs Lung|endothelial cell,6.4879128227235014,0.04366385894426265,0.2832873103340719,False,False
Kidn|kidney tubule cell vs Kidn|fenestrated cell,6.477360303312014,0.0794304567395357,0.5144996873586107,True,False
Live|B cell vs Lung|stromal cell,6.473564559628954,0.07850407160173342,0.5082011757075553,False,False
Live|liver sinusoid EC vs Sple|myeloid cell,6.468823246554109,0.07324829636922808,0.4738302823237476,False,False
Live|B cell vs Marr|neutrophil,6.427420355561548,0.07845930744366675,0.5042909497466853,False,False
Marr|hematopoietic st.. vs Marr|neutrophil,6.401367431482308,0.06481330587578873,0.4148937853599749,True,False
Hear|endothelial cell vs Hear|cardiac muscle,6.389816640127929,0.05811630819472488,0.3713525531654562,True,False
Marr|monocyte vs Marr|neutrophil,6.370208186373552,0.04676161805003197,0.2978812421103869,True,False
Hear|cardiac muscle vs Marr|neutrophil,6.36126925075893,0.08894081610580148,0.5657764786312396,False,False
Sple|myeloid cell vs Lung|type II pneumocyte,6.357555525769294,0.07857504322732217,0.49954520025742327,False,False
Sple|myeloid cell vs Hear|fibroblast,6.343916125497988,0.07982111401017924,0.5063784523243895,False,False
Kidn|kidney tubule cell vs Lung|dendritic cell,6.341181198743559,0.08094888166902858,0.5133115264989612,False,False
Lung|endothelial cell vs Lung|T cell,6.34089845580351,0.05816311678120037,0.36880641738263265,True,False
Sple|myeloid cell vs Hear|endocardial cell,6.332500533917798,0.07885362660420042,0.49934063257245387,False,False
Sple|myeloid cell vs Lung|stromal cell,6.311979715255613,0.08160799468163935,0.5151080070331955,False,False
Live|B cell vs Lung|macrophage,6.280761391587155,0.0593123288157877,0.3725265848713216,False,False
Live|NK cell vs Live|hepatocyte,6.249471758903612,0.060919959942174,0.3807175692121557,True,False
Kidn|leukocyte vs Marr|neutrophil,6.243737797932484,0.07097464213063326,0.4431470557657662,False,False
Kidn|fenestrated cell vs Hear|endocardial cell,6.237881338439095,0.0488255696957782,0.30456811004395223,False,False
Lung|NK cell vs Hear|smooth muscle cell,6.211833465698179,0.08575160219257061,0.5326746722370475,False,False
Lung|monocyte vs Hear|leukocyte,6.211482741434262,0.027982087446377278,0.1738102532424768,False,False
Lung|stromal cell vs Hear|fibroblast,6.157844735385035,0.015476549642332346,0.09530218973696139,False,False
Kidn|leukocyte vs Marr|hematopoietic st..,6.148056409567566,0.06513801897523469,0.40047221506722536,False,False
Lung|endothelial cell vs Hear|cardiac muscle,6.144071199487368,0.0734713099920251,0.4514129597106099,False,False
Kidn|kidney tubule cell vs Lung|B cell,6.120905295508169,0.08366705535552829,0.5121181221852282,False,False
Lung|B cell vs Hear|cardiac muscle,6.120467634803883,0.0859669467803198,0.5261579154318552,False,False
Live|NK cell vs Marr|NK cell,6.1183014210258255,0.02353339672658809,0.14398441463384842,False,True
Kidn|kidney tubule cell vs Kidn|leukocyte,6.062558338963558,0.08784322492191571,0.5325546757718115,True,False
Live|liver sinusoid EC vs Lung|NK cell,6.040507450327572,0.08784649423388091,0.5306374029049158,False,False
Lung|monocyte vs Lung|macrophage,6.022333446151895,0.034553027915755714,0.20808985568287572,True,False
Live|Kupffer cell vs Lung|NK cell,6.002463302722479,0.08420067610527315,0.5054114683863236,False,False
Lung|type II pneumocyte vs Lung|T cell,5.997712424558783,0.08712562135670097,0.5225544217084894,True,False
Live|hepatocyte vs Sple|myeloid cell,5.989751732578068,0.09217627126019386,0.5521129804833321,False,False
Kidn|fibroblast vs Hear|leukocyte,5.9726311711145925,0.0779425792500569,0.46552227838595933,False,False
Live|Kupffer cell vs Lung|dendritic cell,5.9338689633629444,0.05438945035814369,0.3227398714145584,False,False
Live|B cell vs Kidn|fenestrated cell,5.9234005270839845,0.09159806776464119,0.5425720428769502,False,False
Kidn|endothelial cell vs Marr|monocyte,5.913817913884528,0.08710644864570909,0.5151316764158571,False,False
Live|B cell vs Lung|endothelial cell,5.907226598020832,0.08304701621207294,0.4905775430542245,False,False
Lung|T cell vs Hear|fibroblast,5.8977014020038085,0.08504061969815868,0.5015441820211032,False,False
Kidn|endothelial cell vs Hear|leukocyte,5.893559612269954,0.08272738858724304,0.4875587962063379,False,False
Lung|monocyte vs Marr|neutrophil,5.882534122616064,0.05940286486450447,0.34943937954659837,False,False
Lung|B cell vs Lung|NK cell,5.878996720419075,0.07546450981786171,0.4436556057272421,True,False
Lung|monocyte vs Lung|NK cell,5.862137198316476,0.07629982601288623,0.4472800482952155,True,False
Lung|T cell vs Hear|endocardial cell,5.828095993959829,0.07797801027031835,0.45446332927340083,False,False
Live|liver sinusoid EC vs Kidn|fibroblast,5.812839431461475,0.07824321833333435,0.4548152647724553,False,False
Live|B cell vs Lung|monocyte,5.8028349483062795,0.07477678254353001,0.4339173270654949,False,False
Live|hepatocyte vs Lung|NK cell,5.801920251360248,0.10047788822451525,0.5829646945037265,False,False
Live|liver sinusoid EC vs Live|B cell,5.80012008230997,0.06992845279725744,0.4055934233942377,True,False
Live|NK cell vs Live|B cell,5.791869341355862,0.058971064217666076,0.34155269886942785,True,False
Kidn|fibroblast vs Lung|type II pneumocyte,5.78830534975994,0.07904557538414297,0.4575399268708874,False,False
Kidn|fibroblast vs Hear|smooth muscle cell,5.776523882311574,0.07842494799514821,0.4530235850630168,False,False
Hear|endothelial cell vs Marr|granulocyte,5.734357682730938,0.09793606166502233,0.5616004076252317,False,False
Kidn|fibroblast vs Marr|monocyte,5.726193957272749,0.0849295161904269,0.4863228824037207,False,False
Lung|B cell vs Lung|dendritic cell,5.714538121060057,0.06646874227003519,0.37983816156103206,True,False
Kidn|fibroblast vs Lung|macrophage,5.711641707243786,0.0780308764143709,0.44568440818110633,False,False
Lung|NK cell vs Lung|macrophage,5.68996823049217,0.07517454288952288,0.4277407607831562,True,False
Kidn|fibroblast vs Hear|endothelial cell,5.681950748723103,0.08079156177682056,0.4590536749283144,False,False
Kidn|fenestrated cell vs Sple|myeloid cell,5.672576606424209,0.09145575911677035,0.5187897996885591,False,False
Kidn|fenestrated cell vs Hear|cardiac muscle,5.670380273866639,0.0874428311450941,0.495834104816193,False,False
Lung|T cell vs Hear|endothelial cell,5.644909375405114,0.07581048352442138,0.4279433092010012,False,False
Kidn|leukocyte vs Lung|B cell,5.63601309557453,0.07437696741953906,0.41918956238564226,False,False
Lung|dendritic cell vs Lung|macrophage,5.593668750973781,0.0417116277591829,0.2333210287487919,True,False
Lung|endothelial cell vs Lung|dendritic cell,5.590154574977188,0.07793836358757378,0.435687499775311,True,False
Lung|T cell vs Hear|smooth muscle cell,5.583521902314281,0.09064995638216007,0.506146016903625,False,False
Live|liver sinusoid EC vs Marr|granulocyte,5.568812969954821,0.09803895813953495,0.5459606216483,False,False
Lung|NK cell vs Marr|B cell,5.566617726401475,0.07652771989115564,0.4260005621071938,False,False
Kidn|fibroblast vs Marr|neutrophil,5.557982015367732,0.09321631052638488,0.518094577444581,False,False
Live|hepatocyte vs Lung|T cell,5.554324788075803,0.10276479782991053,0.5707890639282706,False,False
Lung|T cell vs Hear|leukocyte,5.549952096740386,0.0731354572230639,0.40589828416121027,False,False
Sple|T cell vs Sple|myeloid cell,5.531552271470872,0.07205242529023989,0.3985617567792118,True,False
Kidn|leukocyte vs Lung|endothelial cell,5.519693802338501,0.08731852496608364,0.4819715210846315,False,False
Sple|myeloid cell vs Marr|T cell,5.498941338301044,0.06479970028018076,0.3563297505802037,False,False
Kidn|fibroblast vs Marr|T cell,5.497285950645414,0.08136121559014438,0.4472658673911333,False,False
Sple|myeloid cell vs Marr|NK cell,5.493074227288063,0.07104644823422188,0.39026341373575973,False,False
Live|B cell vs Lung|dendritic cell,5.488599878817382,0.07590478635490175,0.416611001189173,False,False
Sple|B cell vs Sple|myeloid cell,5.471597646396982,0.06032840837786001,0.3300927772911748,True,False
Kidn|fibroblast vs Sple|B cell,5.463018328953694,0.08200253984131894,0.44798137817388095,False,False
Kidn|endothelial cell vs Marr|NK cell,5.458193910967143,0.09558772524575299,0.5217363398995692,False,False
Hear|smooth muscle cell vs Marr|granulocyte,5.452641947558711,0.10231140691232256,0.5578674690438783,False,False
Kidn|endothelial cell vs Lung|macrophage,5.435243994055861,0.08915506202335177,0.4845795154021004,False,False
Kidn|endothelial cell vs Lung|type II pneumocyte,5.424437590945069,0.09121739280458713,0.4948030544772047,False,False
Live|hepatocyte vs Live|Kupffer cell,5.402532914873277,0.0519269402512767,0.28053700387618036,True,False
Kidn|endothelial cell vs Sple|B cell,5.391962076791135,0.0940538714329143,0.5071349079416629,False,False
Kidn|endothelial cell vs Sple|T cell,5.370041516864257,0.09423565302906789,0.5060493691349095,False,False
Kidn|endothelial cell vs Hear|fibroblast,5.365916455335333,0.08122477280692068,0.4358453449855296,False,False
Kidn|leukocyte vs Hear|cardiac muscle,5.360116764628479,0.10230975672213732,0.5483922421913895,False,False
Live|Kupffer cell vs Lung|T cell,5.358757636498273,0.0908101566041233,0.48662962017394984,False,False
Kidn|kidney tubule cell vs Sple|myeloid cell,5.350304960641022,0.09977156024344694,0.5338082737014087,False,False
Sple|myeloid cell vs Marr|neutrophil,5.319339651344771,0.0757147224790777,0.40275232547352335,False,False
Live|Kupffer cell vs Kidn|fibroblast,5.317235859611224,0.08577092848480393,0.45606425665154926,False,False
Kidn|endothelial cell vs Marr|T cell,5.304485950795644,0.09509437718772032,0.5044267877919242,False,False
Kidn|fibroblast vs Marr|Fraction A pre-p..,5.278420972847241,0.08233919768758347,0.4346209479615556,False,False
Lung|NK cell vs Marr|hematopoietic st..,5.275569679884343,0.08112197563773893,0.42796463504677185,False,False
Sple|B cell vs Marr|granulocyte,5.275029309693643,0.09579305519410647,0.5053111738140125,False,False
Kidn|endothelial cell vs Marr|Fraction A pre-p..,5.274778002167299,0.0953007672489271,0.5026903906743064,False,False
Sple|myeloid cell vs Marr|B cell,5.255204806636219,0.06222407615790349,0.3270002641135126,False,False
Sple|B cell vs Lung|NK cell,5.221969673406371,0.08408532938970893,0.4390910400514455,False,False
Live|Kupffer cell vs Kidn|endothelial cell,5.213950891047323,0.10171446685308264,0.5303342350810336,False,False
Lung|monocyte vs Lung|T cell,5.212983969089852,0.08344397206232035,0.4349920886780575,True,False
Sple|myeloid cell vs Lung|endothelial cell,5.19839260677212,0.09320451046558398,0.4845136381221064,False,False
Lung|stromal cell vs Lung|NK cell,5.159875539061252,0.10329121815771895,0.5329698299718535,True,False
Kidn|endothelial cell vs Lung|monocyte,5.144994389992427,0.0994921706129063,0.5118866596515723,False,False
Kidn|fenestrated cell vs Lung|NK cell,5.142028669432113,0.10596986683722716,0.5449000933729253,False,False
Live|B cell vs Marr|B cell,5.092916406172452,0.04136667530221674,0.21067701931546842,False,True
Lung|dendritic cell vs Hear|cardiac muscle,5.091230196519547,0.09858790668531345,0.5019337275279191,False,False
Kidn|fibroblast vs Hear|endocardial cell,5.089809959272847,0.08675173475560177,0.44154984354325827,False,False
Kidn|endothelial cell vs Marr|B cell,5.088430533806753,0.09463566398398393,0.4815470022031799,False,False
Lung|T cell vs Marr|hematopoietic st..,5.067945593255788,0.08147874035274455,0.4129298231147243,False,False
Kidn|endothelial cell vs Hear|smooth muscle cell,5.059927363683428,0.08322700175967815,0.4211225836011243,False,False
Lung|dendritic cell vs Marr|hematopoietic st..,5.050636607863099,0.07049971283027306,0.356068430464413,False,False
Live|B cell vs Kidn|kidney tubule cell,5.043717692041554,0.09852398979950704,0.4969271904422952,False,False
Kidn|fibroblast vs Marr|B cell,5.0436066510831195,0.08223483145119878,0.4147601428579655,False,False
Kidn|kidney tubule cell vs Lung|NK cell,5.042321435434829,0.1082147527091527,0.54565356721564,False,False
Live|B cell vs Hear|cardiac muscle,5.0352635655121265,0.10366041956276141,0.521957533810073,False,False
Kidn|fibroblast vs Marr|NK cell,5.023974068355964,0.09274629553564759,0.46595498370717203,False,False
Lung|stromal cell vs Marr|granulocyte,5.01267079412449,0.1091584036459882,0.5471751418894972,False,False
Kidn|fibroblast vs Lung|monocyte,5.0115630657327594,0.09531048452780201,0.4776545040366262,False,False
Sple|myeloid cell vs Marr|hematopoietic st..,4.982705928046345,0.07908303357439517,0.3940475001990269,False,False
Kidn|endothelial cell vs Marr|neutrophil,4.982649937694856,0.11169030217296433,0.5565136771632404,False,False
Live|B cell vs Lung|NK cell,4.973042337808147,0.09643243277627092,0.4795625709342333,False,False
Live|NK cell vs Sple|myeloid cell,4.972568182555452,0.07885679269332327,0.3921207783251906,False,False
Kidn|endothelial cell vs Lung|B cell,4.938275793696882,0.10470318927952182,0.5170532251419255,False,False
Lung|T cell vs Lung|macrophage,4.935344602035745,0.07646546584044667,0.3773834240777971,True,False
Lung|dendritic cell vs Hear|leukocyte,4.9238638903591125,0.04660605375661485,0.2294818651643315,False,False
Live|liver sinusoid EC vs Lung|T cell,4.922324990627904,0.09320420153565187,0.45878137045045886,False,False
Live|hepatocyte vs Kidn|fibroblast,4.921816484652346,0.08548369903099093,0.4207350790597909,False,False
Sple|myeloid cell vs Hear|cardiac muscle,4.909727941926877,0.10794578921007192,0.5299844574980389,False,False
Kidn|endothelial cell vs Lung|stromal cell,4.908270642173112,0.0871060858779962,0.42754024406957863,False,False
Kidn|fibroblast vs Hear|fibroblast,4.8666293916285905,0.08340194884320104,0.4058863755594263,False,True
Live|Kupffer cell vs Kidn|leukocyte,4.861514386074524,0.056505308889247034,0.27470137205465917,False,False
Marr|Fraction A pre-p.. vs Marr|granulocyte,4.852869164833086,0.0995683343337444,0.4831920994820197,True,False
Lung|NK cell vs Marr|neutrophil,4.835554807281602,0.10310103826832967,0.4985507212341459,False,False
Kidn|fibroblast vs Lung|stromal cell,4.828033361103321,0.08251852351009026,0.3984021844157045,False,False
Kidn|fibroblast vs Marr|hematopoietic st..,4.8266681415907176,0.08905743003513111,0.4298506603225116,False,False
Lung|B cell vs Lung|T cell,4.8214191008517995,0.07468686124108374,0.36009665937042906,True,False
Kidn|fenestrated cell vs Marr|granulocyte,4.8155209800336,0.12061052564671615,0.5808025166646422,False,False
Marr|T cell vs Marr|NK cell,4.793523989936458,0.021479197310013767,0.10296104759012963,True,False
Live|B cell vs Kidn|leukocyte,4.789899597048139,0.08739878841294901,0.4186314214016801,False,False
Live|NK cell vs Kidn|endothelial cell,4.77727325866478,0.10420122834664242,0.49779774170043734,False,False
Hear|fibroblast vs Marr|granulocyte,4.767129435478639,0.11490596814834642,0.5477716230721531,False,False
Lung|type II pneumocyte vs Marr|granulocyte,4.762423596220616,0.10931321644878789,0.520595841394479,False,False
Kidn|fenestrated cell vs Kidn|fibroblast,4.734069497260909,0.10404878187063756,0.49257416448093905,True,False
Kidn|fibroblast vs Hear|cardiac muscle,4.726004704289373,0.09564999236802169,0.4520423138965131,False,False
Kidn|fibroblast vs Lung|dendritic cell,4.7240058444610735,0.09614801572887116,0.45420378823652263,False,False
Hear|endocardial cell vs Marr|granulocyte,4.720349765373743,0.11586173530709232,0.5469079150726279,False,False
Live|hepatocyte vs Kidn|endothelial cell,4.716551091632921,0.12031078584442093,0.5674519683097181,False,False
Lung|NK cell vs Hear|cardiac muscle,4.715549887765304,0.11759826728357609,0.5545404960904614,False,False
Marr|granulocyte vs Marr|T cell,4.712859010667489,0.09557972853393892,0.4504537848583266,True,False
Kidn|leukocyte vs Kidn|fibroblast,4.706500274653161,0.10089926099446318,0.4748823995827419,True,False
Lung|stromal cell vs Lung|T cell,4.676588554375662,0.10818298744667182,0.5059273208712713,True,False
Marr|B cell vs Marr|granulocyte,4.672281137093222,0.10195428031159684,0.4763590607457888,True,False
Kidn|kidney tubule cell vs Lung|T cell,4.66271820250582,0.11244078296698387,0.524279685444162,False,False
Live|NK cell vs Kidn|fibroblast,4.647021603232721,0.09675627869595023,0.44962851734848663,False,False
Kidn|endothelial cell vs Kidn|leukocyte,4.573036563191582,0.10911528795052253,0.4989882014009174,True,False
Sple|T cell vs Marr|granulocyte,4.564486830076279,0.1089532423061941,0.4973156396007327,False,False
Kidn|fibroblast vs Sple|T cell,4.553042649190668,0.0980906859510295,0.44661107662340516,False,False
Kidn|kidney tubule cell vs Marr|granulocyte,4.551483090577195,0.12673284982175498,0.5768224229843768,False,False
Kidn|leukocyte vs Lung|macrophage,4.540499890973577,0.04743407582269602,0.2153744161013837,False,False
Kidn|endothelial cell vs Lung|dendritic cell,4.525444425194212,0.10449731973941347,0.4728968130624657,False,False
Kidn|leukocyte vs Marr|monocyte,4.514719203743603,0.058389757254458045,0.2636133583786291,False,False
Sple|myeloid cell vs Marr|Fraction A pre-p..,4.494447677917535,0.06759941110721851,0.303822016279431,False,False
Lung|T cell vs Marr|B cell,4.488679912882596,0.07707667513309786,0.3459725234217138,False,False
Kidn|fibroblast vs Lung|B cell,4.486701124737283,0.1004987128857051,0.45090768813894233,False,False
Lung|macrophage vs Marr|granulocyte,4.454605781589358,0.09215745653475962,0.41052513869631013,False,False
Lung|T cell vs Marr|neutrophil,4.427397959245374,0.11274962999893089,0.4991874817629376,False,False
Lung|T cell vs Hear|cardiac muscle,4.4267095974391815,0.11776354762414985,0.5213050264963103,False,False
Lung|B cell vs Marr|granulocyte,4.423089786244412,0.11575426727902666,0.5119915173160685,False,False
Lung|endothelial cell vs Marr|granulocyte,4.404661022813312,0.12722022224303775,0.5603619542275555,False,False
Sple|B cell vs Lung|T cell,4.393487198941483,0.08409998905877195,0.36949222536083337,False,False
Kidn|leukocyte vs Lung|NK cell,4.390988203506115,0.10963627610412435,0.48141159504954945,False,False
Kidn|fenestrated cell vs Hear|endothelial cell,4.375269168626216,0.03983540756717396,0.1742906305483157,False,False
Kidn|endothelial cell vs Lung|NK cell,4.35728893867449,0.12117109035458291,0.5279774516891513,False,False
Kidn|fibroblast vs Lung|endothelial cell,4.348921391740549,0.1032556221830811,0.4490505841294814,False,False
Live|B cell vs Kidn|endothelial cell,4.328546397265394,0.12167563803412765,0.5266786446475914,False,False
Kidn|kidney tubule cell vs Kidn|endothelial cell,4.321793667491441,0.11553353081355473,0.4993120818529481,True,False
Lung|NK cell vs Marr|Fraction A pre-p..,4.319054320589872,0.08903795509242587,0.384559764638429,False,False
Live|B cell vs Lung|T cell,4.29663645883922,0.09716593992149847,0.4174867200240916,False,False
Lung|dendritic cell vs Marr|granulocyte,4.263476736009877,0.07432936264562076,0.3169015084420457,False,False
Live|NK cell vs Marr|granulocyte,4.255864723809827,0.11530286827690775,0.49071340965378285,False,False
Lung|dendritic cell vs Marr|monocyte,4.255641324738613,0.046007598644362,0.1957918380429351,False,False
Sple|myeloid cell vs Lung|B cell,4.198099956587274,0.08025891248669123,0.3369349370261203,False,False
Kidn|endothelial cell vs Marr|hematopoietic st..,4.1966135895851195,0.1070887925803077,0.4494102822347814,False,False
Lung|dendritic cell vs Lung|NK cell,4.190649812422071,0.09735028581381719,0.407960956984908,True,False
Hear|leukocyte vs Marr|granulocyte,4.179050803271241,0.08906442208457074,0.3722047446554142,False,False
Kidn|fenestrated cell vs Lung|T cell,4.168057983194487,0.11114929509968483,0.46327670676668115,False,False
Live|B cell vs Marr|granulocyte,4.167195607035044,0.12293711118896003,0.512302989688213,False,False
Live|Kupffer cell vs Live|B cell,4.1590633211328925,0.07373758586802351,0.30667928877258366,True,False
Kidn|endothelial cell vs Sple|myeloid cell,4.143089370804142,0.12290326932871336,0.509199228792871,False,False
Live|hepatocyte vs Marr|granulocyte,4.136563578633008,0.12894923158109922,0.5334066948510883,False,False
Kidn|fibroblast vs Sple|myeloid cell,4.127693073392305,0.11407441005098488,0.47086415221876393,False,False
Live|Kupffer cell vs Marr|granulocyte,4.111672883501543,0.10333764042746998,0.4248905739906611,False,False
Marr|granulocyte vs Marr|NK cell,4.070809280475603,0.10831849761156995,0.44094394532435344,True,False
Live|B cell vs Sple|myeloid cell,4.025443398215298,0.09130432527342308,0.3675403934004031,False,False
Hear|cardiac muscle vs Marr|granulocyte,3.981076338223993,0.14593270666875663,0.5809692454919697,False,False
Live|B cell vs Sple|B cell,3.97910035949289,0.042178697486592406,0.1678332703318417,False,True
Kidn|leukocyte vs Lung|T cell,3.9603088230738694,0.11534124138568097,0.45678693592400527,False,False
Live|B cell vs Kidn|fibroblast,3.881038606135124,0.11027530241569289,0.42798270597853,False,False
Kidn|fenestrated cell vs Lung|endothelial cell,3.8604927637975743,0.06696100384841372,0.2585024708134227,False,False
Lung|dendritic cell vs Lung|T cell,3.8535742595041667,0.09995352096175872,0.38517831552504356,True,False
Live|liver sinusoid EC vs Kidn|endothelial cell,3.804456400931348,0.08166196925693324,0.31067940165219865,False,False
Lung|T cell vs Marr|NK cell,3.80360540925135,0.05846545150997914,0.22237950761767913,False,False
Live|Kupffer cell vs Sple|myeloid cell,3.80324869917278,0.0738940133496135,0.2810373101485736,False,False
Kidn|fibroblast vs Marr|granulocyte,3.7904769735087442,0.1397894567727985,0.5298687170365887,False,False
Sple|T cell vs Marr|T cell,3.780694856210611,0.022834953304991242,0.08633199050198988,False,True
Kidn|kidney collectin.. vs Marr|monocyte,3.773878696785256,0.14754227879587292,0.5568066628228958,False,False
Kidn|endothelial cell vs Kidn|fibroblast,3.7616210671948793,0.12344140507746706,0.4643397899035371,True,False
Kidn|endothelial cell vs Marr|granulocyte,3.751371061578779,0.1502138979837474,0.5635080699431769,False,False
Kidn|endothelial cell vs Hear|cardiac muscle,3.7232404068428817,0.12885963936346623,0.479775416089259,False,False
Sple|myeloid cell vs Lung|NK cell,3.7069565623658502,0.11243475977145634,0.416790770572828,False,False
Kidn|endothelial cell vs Lung|T cell,3.6935590150390873,0.12163216880032712,0.44925559359120426,False,False
Kidn|endothelial cell vs Hear|endocardial cell,3.6694740415146176,0.0826319589310082,0.3032158282968366,False,False
Kidn|kidney collectin.. vs Hear|leukocyte,3.6605001136798956,0.14886508732155218,0.5449206690635093,False,False
Lung|T cell vs Lung|NK cell,3.6527539086476764,0.07127036508572052,0.2603331046376125,True,False
Lung|T cell vs Marr|Fraction A pre-p..,3.630962442548767,0.09094390613275248,0.33021390754670477,False,False
Lung|B cell vs Marr|B cell,3.6065211151634644,0.02998140987073119,0.10812858776116235,False,True
Kidn|kidney collectin.. vs Hear|endothelial cell,3.5930277256187897,0.1517701174128169,0.5453142397846702,False,False
Lung|NK cell vs Marr|granulocyte,3.5885367478808385,0.1393000132544548,0.4998832165438989,False,False
Live|hepatocyte vs Kidn|kidney collectin..,3.586955546206526,0.14495971233906596,0.5199640441511152,False,False
Sple|myeloid cell vs Hear|leukocyte,3.571124732403294,0.06296051238983272,0.22483984296011567,False,False
Kidn|leukocyte vs Lung|dendritic cell,3.5450559849183447,0.06492064210954927,0.23014731085519957,False,False
Kidn|fibroblast vs Lung|NK cell,3.5025497583781973,0.13854079348486611,0.48524602274594153,False,False
Kidn|kidney collectin.. vs Lung|endothelial cell,3.4995676356092984,0.15380861765790216,0.5382636604333992,False,False
Lung|monocyte vs Marr|monocyte,3.4649476152602823,0.029779404702246777,0.10318407730692081,False,True
Kidn|kidney collectin.. vs Lung|monocyte,3.440927815471891,0.1578510007258704,0.5431538990977212,False,False
Live|hepatocyte vs Live|B cell,3.397468406436188,0.09112071254846361,0.30957974205535865,True,False
Kidn|kidney collectin.. vs Hear|endocardial cell,3.3858519656219084,0.15412498201361458,0.5218443733022382,False,False
Kidn|kidney collectin.. vs Marr|NK cell,3.373067453200467,0.15965008369493777,0.5385105012121252,False,False
Marr|granulocyte vs Marr|hematopoietic st..,3.367105124261788,0.13819434973414318,0.46531490313385915,True,False
Live|Kupffer cell vs Kidn|kidney collectin..,3.3643829371428753,0.1585932954467148,0.5335685771461861,False,False
Live|NK cell vs Lung|NK cell,3.3587691860456697,0.07092648939232826,0.23822570704534723,False,True
Sple|myeloid cell vs Lung|T cell,3.3536162641049465,0.114238766553687,0.3831129855057329,False,False
Sple|myeloid cell vs Lung|macrophage,3.345030559551023,0.060923004958160235,0.20378931336472447,False,False
Kidn|fibroblast vs Lung|T cell,3.341158679974419,0.13358922625839542,0.44634280286430444,False,False
Lung|T cell vs Marr|granulocyte,3.3396256407050964,0.15134602975329564,0.5054390815830225,False,False
Kidn|kidney collectin.. vs Hear|fibroblast,3.338476534316771,0.15217447540119416,0.5080309152488514,False,False
Live|B cell vs Lung|B cell,3.3324257742296624,0.05684506901513139,0.1894319731238878,False,True
Kidn|leukocyte vs Marr|granulocyte,3.328216610710827,0.11569071228278992,0.3850437503245485,False,False
Kidn|kidney collectin.. vs Hear|smooth muscle cell,3.319282954181575,0.15980649514777473,0.5304429753115092,False,False
Sple|T cell vs Lung|NK cell,3.2852027860383664,0.059391640168002316,0.19511358174730936,False,False
Sple|myeloid cell vs Marr|granulocyte,3.277830127800388,0.11443893539800754,0.3751113902409914,False,False
Live|NK cell vs Lung|T cell,3.2481480087261,0.07627744031067565,0.24776041585584507,False,False
Kidn|kidney collectin.. vs Sple|T cell,3.2435472670629717,0.16316849171217332,0.5292447153638069,False,False
Kidn|kidney collectin.. vs Marr|neutrophil,3.2268911802768976,0.17488078322858708,0.5643212570002436,False,False
Lung|monocyte vs Marr|granulocyte,3.2209382992069946,0.09577022413459647,0.3084699828387598,False,False
Kidn|kidney collectin.. vs Hear|cardiac muscle,3.2206377074183243,0.1465970468028516,0.47213597672943275,False,False
Kidn|kidney collectin.. vs Lung|macrophage,3.211892678506821,0.16211918673140932,0.5207094289080938,False,False
Sple|myeloid cell vs Marr|monocyte,3.2114968731481506,0.06461021659335728,0.20749550856299165,False,False
Live|liver sinusoid EC vs Kidn|kidney collectin..,3.1897265224508,0.167678050489035,0.5348471248777192,False,False
Kidn|kidney collectin.. vs Lung|type II pneumocyte,3.162229069903192,0.15049264708340096,0.4758922234138124,False,False
Marr|granulocyte vs Marr|monocyte,3.1572281361275127,0.09906556312024536,0.31277258320455475,True,False
Live|NK cell vs Kidn|kidney collectin..,3.139070763533941,0.1699117737897203,0.5333650814835036,False,False
Kidn|kidney collectin.. vs Lung|NK cell,3.138124300649503,0.17818271199362062,0.5591594984628125,False,False
Kidn|leukocyte vs Lung|monocyte,3.136117546740774,0.06672609009138075,0.20926086196098487,False,False
Kidn|kidney collectin.. vs Lung|B cell,3.1178616302808315,0.17021869785343446,0.5307183467935894,False,False
Kidn|kidney collectin.. vs Sple|B cell,3.1135091543987765,0.1701665654508791,0.5298151593039107,False,False
Kidn|kidney collectin.. vs Marr|hematopoietic st..,3.1042356260093404,0.16301115423013468,0.5060250323980873,False,False
Kidn|kidney collectin.. vs Marr|T cell,3.0985176580777423,0.1704135243684729,0.5280293144309749,False,False
Lung|leukocyte vs Hear|endothelial cell,3.0620009513295097,0.1783277233874521,0.546039658660804,False,False
Kidn|kidney collectin.. vs Lung|T cell,3.0527736459435695,0.17603266466132528,0.5373878795033157,False,False
Live|liver sinusoid EC vs Lung|leukocyte,3.03678394679842,0.17951262165829565,0.5451410476996106,False,False
Kidn|kidney collectin.. vs Marr|B cell,3.0274479596382533,0.16501233949993915,0.49956627053422553,False,False
Kidn|kidney collectin.. vs Lung|stromal cell,3.00098806851621,0.17253821290915017,0.5177851183034692,False,False
Kidn|kidney collectin.. vs Lung|dendritic cell,3.0004497437978594,0.17643019039359698,0.5293699195646756,False,False
Kidn|fenestrated cell vs Lung|leukocyte,2.9441161786175223,0.19286945374641018,0.5678300791359301,False,False
Kidn|kidney collectin.. vs Kidn|fenestrated cell,2.9397514746637268,0.18071079823056085,0.5312448355859505,True,False
Lung|monocyte vs Lung|dendritic cell,2.9251380265013047,0.053518198103427186,0.15654811638216487,True,False
Kidn|endothelial cell vs Lung|endothelial cell,2.9236219704697644,0.08178780545793796,0.2391166249533343,False,True
Kidn|kidney collectin.. vs Marr|Fraction A pre-p..,2.896558828871814,0.1698092692576847,0.4918625380926177,False,False
Lung|leukocyte vs Hear|smooth muscle cell,2.891594487845775,0.19131090249005703,0.5531935511050494,False,False
Kidn|kidney collectin.. vs Kidn|leukocyte,2.872389664507959,0.19318625218834704,0.5549061941108361,True,False
Sple|myeloid cell vs Lung|monocyte,2.8634709033479218,0.07512272512173616,0.21511173756629548,False,False
Lung|type II pneumocyte vs Lung|leukocyte,2.8454740167635237,0.18516620116233143,0.5268856141902218,True,False
Lung|leukocyte vs Hear|endocardial cell,2.8376827283225303,0.18952347588474033,0.5378074941297792,False,False
Kidn|leukocyte vs Sple|myeloid cell,2.8371817838833624,0.08344633761509296,0.23675242901332275,False,False
Kidn|kidney collectin.. vs Marr|granulocyte,2.8271736202002073,0.20607839800793737,0.5826194105411595,False,False
Lung|endothelial cell vs Lung|leukocyte,2.823636152155244,0.19290377582130033,0.5446900752962742,True,False
Sple|B cell vs Lung|leukocyte,2.7852801660206676,0.1785674952162395,0.4973605027217823,False,False
Lung|leukocyte vs Hear|fibroblast,2.7526304465824802,0.19332922239640152,0.5321639037824504,False,False
Kidn|kidney collectin.. vs Sple|myeloid cell,2.7399500447837863,0.19179663151327986,0.5255131891041905,False,False
Sple|myeloid cell vs Lung|dendritic cell,2.738289162214595,0.0681547274598027,0.1866273515568672,False,False
Live|B cell vs Kidn|kidney collectin..,2.727831601309518,0.1883907456746542,0.513898229445586,False,False
Kidn|kidney tubule cell vs Lung|leukocyte,2.7247710059342647,0.21048353618493948,0.5735194366232388,False,False
Lung|B cell vs Lung|leukocyte,2.717988848734428,0.18479404399759802,0.5022681508980107,True,False
Lung|NK cell vs Marr|T cell,2.716410858891165,0.0786469214535943,0.21363735145490406,False,False
Marr|granulocyte vs Marr|neutrophil,2.714739221073946,0.04133287773511264,0.11220798430736434,True,False
Kidn|kidney collectin.. vs Kidn|endothelial cell,2.69706345391819,0.18873097867013236,0.5090194251934275,True,False
Lung|stromal cell vs Lung|leukocyte,2.6890345460072136,0.19842951317929125,0.5335838158865078,True,False
Sple|T cell vs Lung|leukocyte,2.686746588627413,0.1835460258690219,0.4931416588597135,False,False
Lung|leukocyte vs Marr|Fraction A pre-p..,2.683041657813189,0.18226367857461,0.48902104232195187,False,False
Kidn|endothelial cell vs Hear|endothelial cell,2.651192336605755,0.07014162004852514,0.18595892554976243,False,True
Kidn|endothelial cell vs Lung|leukocyte,2.6313319103988344,0.2054247410770903,0.5405406763815659,False,False
Live|NK cell vs Lung|leukocyte,2.6255022627376903,0.18854000905424434,0.4950122203885031,False,False
Live|hepatocyte vs Lung|leukocyte,2.61305714557721,0.20844964421554835,0.5446908323104657,False,False
Lung|leukocyte vs Marr|B cell,2.5892158450997154,0.18033504049635968,0.46692634427987334,False,False
Lung|leukocyte vs Lung|NK cell,2.576174310309386,0.19034675095412873,0.4903664098588851,True,False
Live|B cell vs Lung|leukocyte,2.5533358989092485,0.19566604968580367,0.4996011488605232,False,False
Lung|leukocyte vs Marr|NK cell,2.5317435364627703,0.18156764681227155,0.4596827162477236,False,False
Lung|leukocyte vs Marr|T cell,2.506248549471876,0.1797542925689224,0.4505089350122049,False,False
Lung|leukocyte vs Hear|cardiac muscle,2.4954628401350782,0.22850239279993115,0.5702192301141774,False,False
Live|Kupffer cell vs Lung|leukocyte,2.4684923392549485,0.17561331313545522,0.4335001181460516,False,False
Kidn|leukocyte vs Hear|leukocyte,2.467079837474512,0.04575339904717593,0.11287728828521329,False,True
Sple|T cell vs Lung|T cell,2.4642718476600254,0.057404782765242274,0.14146099008942595,False,True
Kidn|fibroblast vs Lung|leukocyte,2.455049797022798,0.2098413613815835,0.5151709916668441,False,False
Lung|leukocyte vs Lung|T cell,2.4532418691012277,0.20316252386193207,0.498406809770369,True,False
Lung|T cell vs Marr|T cell,2.429275862837471,0.07989040618116934,0.19407583540819617,False,True
Lung|leukocyte vs Lung|macrophage,2.2984617298210632,0.17118505488545108,0.39346229737152755,True,False
Kidn|kidney collectin.. vs Kidn|kidney tubule cell,2.2914881712078565,0.13531601646098723,0.31007505109531985,True,False
Kidn|kidney collectin.. vs Lung|leukocyte,2.163414613869537,0.2649258609456864,0.5731444791618667,False,False
Lung|NK cell vs Marr|NK cell,2.1215240307101197,0.057240943785742134,0.12143803778197902,False,True
Lung|leukocyte vs Marr|hematopoietic st..,2.1140625114997906,0.21485611706177293,0.45421926244670474,False,False
Kidn|kidney collectin.. vs Kidn|fibroblast,2.099162316981565,0.17900899759907052,0.3757689421606123,True,False
Sple|B cell vs Lung|B cell,2.0738299348226468,0.03542343960077573,0.07346218943847069,False,True
Lung|leukocyte vs Hear|leukocyte,2.0534207247810143,0.16582446557998515,0.34050739429767746,False,True
Sple|myeloid cell vs Lung|leukocyte,2.052298207317599,0.18786734870803146,0.38555982296700325,False,False
Lung|leukocyte vs Marr|monocyte,2.0503601356462577,0.17449669105958251,0.35778105915074876,False,False
Lung|leukocyte vs Marr|neutrophil,1.9423792367845127,0.149633837686506,0.2906456594426532,False,False
Kidn|leukocyte vs Lung|leukocyte,1.8177401226452496,0.18923383486768347,0.34397793420101386,False,True
Lung|leukocyte vs Lung|monocyte,1.8109176716514317,0.1689662120979981,0.30598389940026866,True,False
Lung|leukocyte vs Lung|dendritic cell,1.7728940000101228,0.15911573395743656,0.2820953300403462,True,False
Kidn|kidney tubule cell vs Kidn|fibroblast,1.691516754385192,0.07252504317781239,0.12267732564777911,True,False
Kidn|endothelial cell vs Kidn|fenestrated cell,1.3042661822969073,0.08912243682988864,0.11623938044111615,True,False
Lung|leukocyte vs Marr|granulocyte,1.1725841663845187,0.12174425731340417,0.14275538847394037,False,False
